"Elem_name";"ion_state";"Wl";"Ei";"Ek";"Ak";"gi";"gk"
"H";"I";121.567;0;10.19885151459;626470000;2;4
"H";"I";121.567;0;10.19880615024;626480000;2;2
"H";"I";121.567;0;10.1988358;469860000;2;8
"H";"I";434.047;10.1988358;13.0545017;2530400;8;50
"H";"I";486.129;10.1988105251482;12.74853811674;9668000;2;4
"H";"I";486.13;10.1988105251482;12.74853244632;9668200;2;2
"H";"I";486.135;10.1988358;12.7485393;8419300;8;32
"H";"I";656.271;10.19880615024;12.0875070783;53877000;2;4
"H";"I";656.272;10.1988105251482;12.0875071004;22448000;2;4
"H";"I";656.277;10.1988105251482;12.0874936591;22449000;2;2
"H";"I";656.279;10.1988358;12.0875052;44101000;8;18
"H";"I";656.285;10.19885151459;12.0875115582;64651000;4;6
"B-II";"II";120.836;12.264501;22.52505;1.8e+08;3;5
"B-II";"II";120.856;12.263448;22.52242;2.4e+08;1;3
"B-II";"II";120.856;12.266161;22.52505;5.53e+08;5;5
"B-II";"II";120.867;12.264501;22.52242;1.84e+08;3;3
"B-II";"II";120.886;12.264501;22.52122;7.3e+08;3;1
"B-II";"II";120.886;12.266161;22.52242;3.1e+08;5;3
"B-II";"II";121.07;12.691366;22.93189;1.05e+08;5;7
"B-II";"II";123.016;9.100007;19.178635;1.36e+09;3;5
"B-II";"II";125.938;12.691366;22.53607;1.91e+08;5;3
"B-II";"II";136.246;0;9.100007;1.2e+09;1;3
"B-II";"II";137.818;12.691366;21.68755;1.07e+08;5;7
"B-II";"I";137.865;0;8.993138;3.42e+08;2;4
"B-II";"I";137.887;0;8.991694;1.37e+09;2;2
"B-II";"I";137.894;0.0018953;8.993138;1.71e+09;4;4
"B-II";"I";137.917;0.0018953;8.991694;6.84e+08;4;2
"B-II";"I";153.381;0;8.083434;1.2e+07;2;4
"B-II";"I";153.417;0.0018953;8.083434;14400000;4;6
"B-II";"I";153.417;0.0018953;8.083434;2400000;4;4
"B-II";"I";154.34;0;8.033195;28100000;2;2
"B-II";"I";154.376;0.0018953;8.033195;56200000;4;2
"B-II";"I";154.642;0;8.017482;17800000;2;4
"B-II";"I";154.679;0.0018953;8.017482;21400000;4;6
"B-II";"I";154.679;0.0018953;8.017482;3560000;4;4
"B-II";"II";155.7;9.100007;17.062984;1580000;3;1
"B-II";"I";155.87;0;7.954332;2e+07;2;2
"B-II";"I";155.907;0.0018953;7.954332;40400000;4;2
"B-II";"I";156.629;0;7.915811;27900000;2;4
"B-II";"I";156.666;0.0018953;7.915811;33500000;4;6
"B-II";"I";156.666;0.0018953;7.915811;5600000;4;4
"B-II";"I";157.33;0;7.880515;44200000;2;2
"B-II";"I";157.368;0.0018953;7.880515;88400000;4;2
"B-II";"I";160.037;0;7.747215;46700000;2;4
"B-II";"I";160.046;0;7.746801;2.7e+07;2;2
"B-II";"I";160.076;0.0018953;7.747215;5.6e+07;4;6
"B-II";"I";160.076;0.0018953;7.747215;9320000;4;4
"B-II";"I";160.085;0.0018953;7.746801;5.7e+07;4;2
"B-II";"II";162.36;4.629775;12.266161;2.17e+08;3;5
"B-II";"II";162.379;4.629017;12.264501;2.89e+08;1;3
"B-II";"II";162.395;4.629775;12.264501;2.16e+08;3;3
"B-II";"II";162.402;4.631777;12.266161;6.48e+08;5;5
"B-II";"II";162.417;4.629775;12.263448;8.65e+08;3;1
"B-II";"II";162.438;4.631777;12.264501;3.59e+08;5;3
"B-II";"I";166.261;0;7.4572049;2e+07;2;2
"B-II";"I";166.303;0.0018953;7.4572049;39400000;4;2
"B-II";"I";166.685;0;7.43824;86600000;2;4
"B-II";"I";166.727;0.0018953;7.43824;1.04e+08;4;6
"B-II";"I";166.727;0.0018953;7.43824;17300000;4;4
"B-II";"II";169.581;15.82797;23.139161;2.41e+08;1;3
"B-II";"I";181.784;0;6.8203997;31200000;2;2
"B-II";"I";181.835;0.0018953;6.8203997;62200000;4;2
"B-II";"I";182.589;0;6.79032869;1.7e+08;2;4
"B-II";"I";182.64;0.0018953;6.7903466;2.04e+08;4;6
"B-II";"II";184.282;9.100007;15.82797;1.33e+09;3;1
"B-II";"II";184.828;15.82797;22.53607;1.67e+08;1;3
"B-II";"II";189.121;17.866488;24.42236;27400000;3;5
"B-II";"II";192.667;16.089904;22.52505;2.24e+08;3;5
"B-II";"II";192.746;16.089904;22.52242;2.24e+08;3;3
"B-II";"II";192.781;16.089904;22.52122;2.23e+08;3;1
"B-II";"II";193.692;17.852554;24.25367;60200000;3;5
"B-II";"II";193.705;17.852994;24.25367;1.81e+08;5;5
"B-II";"II";193.729;17.852479;24.25233;80500000;1;3
"B-II";"II";193.746;17.852994;24.25233;1e+08;5;3
"B-II";"II";193.756;17.852554;24.25152;2.41e+08;3;1
"B-II";"II";200.587;18.67818;24.85725;2.21e+08;7;7
"B-II";"II";200.608;18.67818;24.85659;1.74e+08;5;5
"B-II";"II";200.623;18.67818;24.85612;1.87e+08;3;3
"B-II";"II";203.984;17.062984;23.139161;19100000;1;3
"B-II";"I";208.889;0;5.9335273;36100000;2;4
"B-II";"I";208.957;0.0018953;5.9334881;43300000;4;6
"B-II";"II";212.386;17.852994;23.68884;1.58e+08;5;7
"B-II";"II";212.455;17.852554;23.68651;1.19e+08;3;5
"B-II";"II";212.496;17.852479;23.6853;87900000;1;3
"B-II";"II";222.03;17.866488;23.448881;3.49e+08;3;3
"B-II";"II";226.468;17.062984;22.53607;3.4e+07;1;3
"B-II";"II";232.303;19.178635;24.514173;91100000;5;5
"B-II";"II";232.867;15.82797;21.150629;56600000;1;3
"B-II";"I";238.86;5.9334881;11.12244;5900000;6;6
"B-II";"I";238.86;5.9335273;11.12203;5600000;4;4
"B-II";"II";239.32;16.089904;21.268988;11100000;3;5
"B-II";"II";239.505;12.691366;17.866488;75600000;5;3
"B-II";"II";242.527;17.866488;22.977146;37700000;3;5
"B-II";"II";245.969;17.852479;22.89166;4e+07;1;3
"B-II";"II";245.969;17.852554;22.89166;53900000;3;5
"B-II";"II";245.989;17.852994;22.89166;71900000;5;7
"B-II";"I";249.677;0;4.964289;8.4e+07;2;2
"B-II";"I";249.772;0.0018953;4.964289;1.68e+08;4;2
"B-II";"II";251.926;18.67818;23.598146;1.5e+07;3;5
"B-II";"II";251.926;18.67818;23.598146;1.6e+07;5;7
"B-II";"II";251.926;18.67818;23.598146;18300000;7;9
"B-II";"II";266.95;17.866488;22.509583;63700000;3;1
"B-II";"II";270.873;17.852479;22.428384;8010000;1;3
"B-II";"II";270.873;17.852554;22.428384;2.4e+07;3;3
"B-II";"II";270.899;17.852994;22.428384;40100000;5;3
"B-II";"II";279.655;19.178635;23.610196;8300000;5;7
"B-II";"II";291.808;18.67818;22.925767;55200000;3;5
"B-II";"II";291.808;18.67818;22.925767;58300000;5;7
"B-II";"II";291.808;18.67818;22.925767;65700000;7;9
"B-II";"II";303.226;18.67818;22.76583;12300000;3;1
"B-II";"II";303.226;18.67818;22.76583;9250000;5;3
"B-II";"II";303.226;18.67818;22.76583;1e+07;7;5
"B-II";"II";303.226;17.062984;21.150629;41900000;1;3
"B-II";"II";317.933;17.866488;21.765055;52900000;3;5
"B-II";"II";322.208;18.67818;22.52505;3e+06;7;5
"B-II";"II";322.425;18.67818;22.52242;2800000;5;3
"B-II";"II";322.527;18.67818;22.52122;3600000;3;1
"B-II";"II";330.244;19.178635;22.93189;35300000;5;7
"B-II";"II";332.318;17.852479;21.582342;63800000;1;3
"B-II";"II";332.318;17.852554;21.582342;86200000;3;5
"B-II";"II";332.36;17.852994;21.582342;1.15e+08;5;7
"B-II";"II";345.13;9.100007;12.691366;54200000;3;5
"B-II";"II";369.23;19.178635;22.53607;1.2e+07;5;3
"B-II";"II";378.841;21.150629;24.42236;1.7e+07;3;5
"B-II";"II";412.193;18.67818;21.685249;1.98e+08;3;5
"B-II";"II";412.193;18.67818;21.685249;3.7e+07;5;5
"B-II";"II";412.193;18.67818;21.685249;2.09e+08;5;7
"B-II";"II";412.193;18.67818;21.685249;1030000;7;5
"B-II";"II";412.193;18.67818;21.685249;2.6e+07;7;7
"B-II";"II";412.193;18.67818;21.685249;2.36e+08;7;9
"B-II";"II";419.479;17.866488;20.821325;1.34e+08;3;1
"B-II";"II";447.21;17.852479;20.624138;18100000;1;3
"B-II";"II";447.21;17.852554;20.624138;54400000;3;3
"B-II";"II";447.285;17.852994;20.624138;90500000;5;3
"B-II";"II";478.421;18.67818;21.268988;23100000;3;1
"B-II";"II";478.421;18.67818;21.268988;17300000;5;3
"B-II";"II";478.421;18.67818;21.268988;2e+07;7;5
"B-II";"II";494.038;19.178635;21.68755;1.88e+08;5;7
"B-II";"II";534.765;20.821325;23.139161;5960000;1;3
"B-II";"II";539.317;21.150629;23.448881;6070000;3;3
"B-II";"II";608.044;15.82797;17.866488;12100000;1;3
"B-II";"II";614.892;21.582342;23.598146;18500000;3;5
"B-II";"II";614.892;21.582342;23.598146;19500000;5;7
"B-II";"II";614.892;21.582342;23.598146;22100000;7;9
"B-II";"I";624.457;5.9334881;7.918415;1400000;6;8
"B-II";"I";624.466;5.9335273;7.918415;1200000;4;6
"B-II";"II";628.547;19.178635;21.150629;33200000;5;3
"B-II";"II";657.13;22.53607;24.42236;1.1e+07;3;5
"B-II";"II";671.765;21.765055;23.610196;17100000;5;7
"B-II";"II";678.612;21.150629;22.977146;3930000;3;5
"B-II";"II";703.02;16.089904;17.852994;39700000;3;5
"B-II";"II";703.19;16.089904;17.852554;39800000;3;3
"B-II";"II";703.254;16.089904;17.852479;39700000;3;1
"B-II";"I";821.183;5.9334881;7.4429055;3400000;6;8
"B-II";"I";821.204;5.9335273;7.4429049;3200000;4;6
"B-II";"I";866.722;6.0271033;7.4572049;1840000;2;2
"B-II";"I";866.857;6.0273243;7.4572049;3670000;4;2
"B-II";"II";922.644;21.582342;22.925767;3.7e+07;3;5
"B-II";"II";922.644;21.582342;22.925767;38700000;5;7
"B-II";"II";922.644;21.582342;22.925767;43800000;7;9
"B-II";"II";944.637;17.866488;19.178635;20800000;3;5
"F-II";"II";320.276;26.665231;30.535278;1.4e+08;5;5
"F-II";"II";350.139;25.10052;28.640507;2.86e+08;3;1
"F-II";"II";350.145;25.10052;28.640448;2.15e+08;3;3
"F-II";"II";350.157;25.10052;28.640323;1e+08;3;5
"F-II";"II";350.284;25.101926;28.640448;7.2e+07;5;3
"F-II";"II";350.296;25.101926;28.640323;1.67e+08;5;5
"F-II";"II";350.311;25.101926;28.640176;1.91e+08;5;7
"F-II";"II";350.537;25.104353;28.640323;1.9e+07;7;5
"F-II";"II";350.552;25.104353;28.640176;9.5e+07;7;7
"F-II";"II";350.563;25.104353;28.64006;2.86e+08;7;9
"F-II";"II";353.687;26.270663;29.775141;1.5e+08;5;3
"F-II";"II";354.177;26.268052;29.767682;1.7e+08;7;5
"F-II";"II";384.709;21.882458;25.104353;1.3e+08;5;7
"F-II";"II";384.999;21.882458;25.101926;1.3e+08;5;5
"F-II";"II";385.167;21.882458;25.10052;1.3e+08;5;3
"F-II";"II";402.473;22.672296;25.751988;1.2e+08;3;5
"F-II";"II";402.501;22.672296;25.751771;1.2e+08;3;1
"F-II";"II";402.549;22.672296;25.751403;1.2e+08;3;3
"F-II";"II";410.307;25.751403;28.772289;1.54e+08;3;5
"F-II";"II";410.322;25.751403;28.772187;8.5e+07;3;3
"F-II";"II";410.351;25.751988;28.772557;2.05e+08;5;7
"F-II";"II";410.371;25.751771;28.772187;1.14e+08;1;3
"F-II";"II";410.387;25.751988;28.772289;5.1e+07;5;5
"F-II";"II";410.916;26.268052;29.284465;1.6e+08;7;7
"F-II";"II";411.654;26.270663;29.281672;1.2e+08;5;5
"F-II";"II";411.921;26.272284;29.281339;1.3e+08;3;3
"F-II";"II";429.917;26.665231;29.548333;1.7e+08;5;7
"F-II";"II";444.653;28.772187;31.559743;1.97e+08;3;5
"F-II";"II";444.672;28.772289;31.559723;2.09e+08;5;7
"F-II";"II";444.719;28.772557;31.559698;2.35e+08;7;9
"F-II";"I";623.965;12.69669;14.683178;2.9e+07;6;4
"F-II";"I";634.851;12.730752;14.683178;23200000;4;4
"F-II";"I";641.365;12.750582;14.683178;13600000;2;4
"F-II";"I";669.048;12.730752;14.583383;1460000;4;6
"F-II";"I";670.828;12.69669;14.544408;1090000;6;4
"F-II";"I";677.398;12.69669;14.526486;9600000;6;6
"F-II";"I";679.553;12.730752;14.554747;5890000;4;2
"F-II";"I";683.426;12.730752;14.544408;21800000;4;4
"F-II";"I";685.603;12.69669;14.504588;48700000;6;8
"F-II";"I";687.021;12.750582;14.554747;40100000;2;2
"F-II";"I";690.247;12.730752;14.526486;35100000;4;6
"F-II";"I";690.982;12.750582;14.544408;20700000;2;4
"F-II";"I";696.635;12.984995;14.764264;6600000;4;2
"F-II";"I";703.747;12.984995;14.746284;42300000;4;4
"F-II";"I";712.789;13.025319;14.764264;50300000;2;2
"F-II";"I";720.236;13.025319;14.746284;14900000;2;4
"F-II";"I";730.903;15.3641547;17.0600023;52300000;6;8
"F-II";"I";731.102;12.984995;14.680382;4.5e+07;4;2
"F-II";"I";731.43;15.3642647;17.0588903;52700000;4;6
"F-II";"I";733.196;12.69669;14.387235;24200000;6;4
"F-II";"I";739.869;12.69669;14.371989;35300000;6;6
"F-II";"I";742.564;12.730752;14.399969;39300000;4;2
"F-II";"I";748.272;12.730752;14.387235;6490000;4;4
"F-II";"I";748.915;13.025319;14.680382;5480000;2;2
"F-II";"I";751.492;12.750582;14.399969;6540000;2;2
"F-II";"I";755.223;12.730752;14.371989;8900000;4;6
"F-II";"I";757.338;12.750582;14.387235;13200000;2;4
"F-II";"I";760.717;12.984995;14.61438;9e+06;4;4
"F-II";"I";775.47;12.984995;14.583383;32300000;4;6
"F-II";"I";780.022;13.025319;14.61438;25200000;2;4
"F-II";"I";782.259;14.371989;15.956505;1920000;6;6
"F-II";"I";787.918;14.371989;15.945123;3560000;6;6
"F-II";"I";789.859;14.387235;15.956505;12200000;4;6
"F-II";"I";793.093;14.371989;15.934856;2900000;6;4
"F-II";"I";793.631;14.371989;15.933798;2760000;6;8
"F-II";"I";795.409;14.399969;15.958291;2200000;2;4
"F-II";"I";795.632;14.387235;15.945123;3290000;4;6
"F-II";"I";804.093;12.984995;14.526486;1430000;4;6
"F-II";"I";807.552;14.399969;15.934856;14100000;2;4
"F-II";"I";807.752;14.399969;15.934476;11400000;2;2
"F-II";"I";812.656;14.371989;15.897233;3920000;6;4
"F-II";"I";812.926;14.387235;15.911973;12900000;4;2
"F-II";"I";817.934;14.371989;15.887395;6e+06;6;6
"F-II";"I";819.124;14.371989;15.885193;4260000;6;4
"F-II";"I";819.773;14.399969;15.911973;3320000;2;2
"F-II";"I";820.863;14.387235;15.897233;5490000;4;4
"F-II";"I";821.473;14.371989;15.880867;14800000;6;6
"F-II";"I";823.077;14.371989;15.877925;37900000;6;8
"F-II";"I";823.219;14.387235;15.892913;10800000;4;2
"F-II";"I";827.462;14.387235;15.885193;19500000;4;4
"F-II";"I";829.858;14.387235;15.880867;1.6e+07;4;6
"F-II";"I";830.24;14.399969;15.892913;19400000;2;2
"F-II";"I";834.556;14.399969;15.885193;6060000;2;4
"F-II";"I";873.727;14.526486;15.945123;2740000;6;6
"F-II";"I";876.661;14.544408;15.958291;1e+06;4;4
"F-II";"I";877.773;14.544408;15.956505;6020000;4;6
"F-II";"I";879.936;14.526486;15.935112;4060000;6;6
"F-II";"I";880.758;14.526486;15.933798;20500000;6;8
"F-II";"I";883.123;14.554747;15.958291;8600000;2;4
"F-II";"I";884.45;14.544408;15.945846;7300000;4;4
"F-II";"I";884.906;14.544408;15.945123;3050000;4;6
"F-II";"I";890.092;14.504588;15.897146;46400000;8;10
"F-II";"I";891.027;14.554747;15.945846;19800000;2;4
"F-II";"I";891.278;14.544408;15.935112;21900000;4;6
"F-II";"I";898.118;14.554747;15.934856;1230000;2;4
"F-II";"I";898.365;14.554747;15.934476;1300000;2;2
"F-II";"I";900.619;14.504588;15.880867;2850000;8;6
"F-II";"I";901.685;13.025319;14.399969;2330000;2;2
"F-II";"I";902.549;14.504588;15.877925;14300000;8;8
"F-II";"I";904.21;14.526486;15.897299;21800000;6;8
"F-II";"I";910.233;14.583383;15.945123;2460000;6;6
"F-II";"I";915.178;14.526486;15.880867;10400000;6;6
"F-II";"I";917.868;14.583383;15.933798;19300000;6;8
"F-II";"I";923.285;14.554747;15.897233;1490000;2;4
"F-II";"I";923.538;14.61438;15.956505;10400000;4;6
"F-II";"I";924.457;14.544408;15.885193;5260000;4;4
"F-II";"I";931.434;14.61438;15.945123;14200000;4;6
"F-II";"I";938.496;14.61438;15.935112;5970000;4;6
"F-II";"I";943.367;14.583383;15.897299;23500000;6;8
"F-II";"I";950.53;14.583383;15.887395;8200000;6;6
"F-II";"I";957.48;14.583383;15.877925;1470000;6;8
"F-II";"I";966.204;14.61438;15.897233;4490000;4;4
"F-II";"I";969.94;14.680382;15.958291;6400000;2;4
"F-II";"I";973.434;14.683178;15.956505;9400000;4;6
"F-II";"I";973.67;14.61438;15.887395;2730000;4;6
"F-II";"I";979.48;14.680382;15.945846;6050000;2;4
"F-II";"I";982.211;14.683178;15.945123;15200000;4;6
"F-II";"I";988.358;14.680382;15.934476;6900000;2;2
"F-II";"I";990.265;14.683178;15.934856;9800000;4;4
"Al-II";"II";120.919;4.636145;14.8896243;25100000;1;3
"Al-II";"II";121.008;4.643693;14.8896243;74700000;3;3
"Al-II";"II";121.19;4.659052;14.8896243;1.24e+08;5;3
"Al-II";"II";125.886;7.420705;17.269654;1.02e+08;3;5
"Al-II";"II";135.018;7.420705;16.6035135;2.37e+08;3;5
"Al-II";"II";137.124;7.420705;16.4624524;58300000;3;1
"Al-II";"II";153.983;7.420705;15.4725;6.7e+08;3;5
"Al-II";"II";162.563;7.420705;15.0475561;1.31e+08;3;1
"Al-II";"II";167.079;0;7.420705;1.41e+09;1;3
"Al-II";"II";171.944;4.636145;11.846869;6.55e+08;1;3
"Al-II";"II";172.124;4.643693;11.846869;4.93e+08;3;3
"Al-II";"II";172.127;4.643693;11.846753;8.82e+08;3;5
"Al-II";"II";172.495;4.659052;11.846753;2.97e+08;5;5
"Al-II";"II";172.498;4.659052;11.846618;1.18e+09;5;7
"Al-II";"II";175.061;10.598337;17.680649;57300000;5;7
"Al-II";"II";176.01;4.643693;11.687827;3.13e+08;3;5
"Al-II";"II";176.198;4.636145;11.672797;4.12e+08;1;3
"Al-II";"II";176.387;4.643693;11.672797;3.04e+08;3;3
"Al-II";"II";176.395;4.659052;11.687827;9.21e+08;5;5
"Al-II";"II";176.582;4.643693;11.665048;1.23e+09;3;1
"Al-II";"II";176.773;4.659052;11.672797;5.13e+08;5;3
"Al-II";"II";177.28;11.665048;18.658729;9.41e+08;1;3
"Al-II";"II";177.4;11.672797;18.661751;1.26e+09;3;5
"Al-II";"II";177.477;11.672797;18.658729;7.01e+08;3;3
"Al-II";"II";177.697;11.687827;18.665098;1.67e+09;5;7
"Al-II";"II";177.782;11.687827;18.661751;4.18e+08;5;5
"Al-II";"II";181.835;11.846618;18.665098;5.45e+08;7;7
"Al-II";"II";181.839;11.846753;18.665098;68200000;5;7
"Al-II";"II";181.929;11.846753;18.661751;4.25e+08;5;5
"Al-II";"II";182.012;11.846869;18.658729;4.57e+08;3;3
"Al-II";"II";182.859;11.316596;18.096925;4.72e+08;3;5
"Al-II";"II";183.284;11.316596;18.081198;4.69e+08;3;3
"Al-II";"II";183.481;11.316596;18.073939;4.67e+08;3;1
"Al-II";"II";183.696;10.598337;17.347743;40300000;5;3
"Al-II";"II";185.593;4.636145;11.316596;83800000;1;3
"Al-II";"II";185.803;4.643693;11.316596;2.49e+08;3;3
"Al-II";"II";185.998;10.598337;17.2642222;86800000;5;7
"Al-II";"II";186.231;4.659052;11.316596;4.08e+08;5;3
"Al-II";"II";190.433;11.665048;18.175705;2.7e+08;1;3
"Al-II";"II";190.641;11.672797;18.176344;2e+08;3;5
"Al-II";"II";190.66;11.672797;18.175705;2e+08;3;3
"Al-II";"II";190.667;11.672797;18.175445;8.2e+08;3;1
"Al-II";"II";191.083;11.687827;18.176344;5.8e+08;5;5
"Al-II";"II";191.101;11.687827;18.175705;3.4e+08;5;3
"Al-II";"II";192.998;11.672797;18.096925;1.15e+08;3;5
"Al-II";"II";193.105;7.420705;13.841265;1.04e+09;3;1
"Al-II";"II";193.238;11.665048;18.081198;1.53e+08;1;3
"Al-II";"II";193.45;11.687827;18.096925;3.44e+08;5;5
"Al-II";"II";193.471;11.672797;18.081198;1.14e+08;3;3
"Al-II";"II";193.691;11.672797;18.073939;4.56e+08;3;1
"Al-II";"II";193.926;11.687827;18.081198;1.89e+08;5;3
"Al-II";"II";195.877;11.846618;18.176344;5.7e+08;7;5
"Al-II";"II";198.365;11.846618;18.096925;4060000;7;5
"Al-II";"II";198.87;11.846753;18.081198;3600000;5;3
"Al-II";"II";199.053;7.420705;13.649399;1.38e+09;3;5
"Al-II";"II";199.105;11.846869;18.073939;4770000;3;1
"Al-II";"II";201.605;11.846618;17.994485;98200000;7;9
"Al-II";"II";201.619;11.846618;17.994066;1.1e+07;7;7
"Al-II";"II";201.623;11.846753;17.994066;87300000;5;7
"Al-II";"II";201.633;11.846753;17.993766;15300000;5;5
"Al-II";"II";201.637;11.846869;17.993766;82500000;3;5
"Al-II";"II";202.208;10.598337;16.727874;40500000;5;3
"Al-II";"II";207.401;10.598337;16.574428;1.41e+08;5;7
"Al-II";"II";209.426;11.846618;17.764921;1.84e+08;7;9
"Al-II";"II";209.474;11.846618;17.763571;20500000;7;7
"Al-II";"II";209.479;11.846753;17.763571;1.64e+08;5;7
"Al-II";"II";209.51;11.846753;17.762699;28700000;5;5
"Al-II";"II";209.514;11.846869;17.762699;1.55e+08;3;5
"Al-II";"I";211.831;0;5.851109;10300000;2;4
"Al-II";"I";212.336;0.0138938;5.851109;12200000;4;6
"Al-II";"I";212.966;0;5.819939;15200000;2;4
"Al-II";"I";213.473;0.0138938;5.82001;18100000;4;6
"Al-II";"I";214.555;0;5.776835;20600000;2;4
"Al-II";"I";215.07;0.0138938;5.776914;24600000;4;6
"Al-II";"I";216.881;0;5.7148562;29600000;2;4
"Al-II";"I";217.403;0.0138938;5.7149663;35300000;4;6
"Al-II";"II";219.26;11.846618;17.499508;2.47e+08;7;9
"Al-II";"II";219.419;11.846618;17.495418;27400000;7;7
"Al-II";"II";219.424;11.846753;17.495418;2.19e+08;5;7
"Al-II";"II";219.546;11.846753;17.492297;38300000;5;5
"Al-II";"II";219.55;11.846869;17.492297;2.07e+08;3;5
"Al-II";"I";219.915;0;5.63598;1750000;2;2
"Al-II";"I";220.459;0.0138938;5.63598;3490000;4;2
"Al-II";"I";220.466;0;5.62196;43700000;2;4
"Al-II";"I";221.005;0.0138938;5.6221371;5.2e+07;4;6
"Al-II";"II";224.304;11.821968;17.347743;30300000;1;3
"Al-II";"I";225.8;0;5.4891689;3770000;2;2
"Al-II";"I";226.346;0;5.4759355;68300000;2;4
"Al-II";"I";226.373;0.0138938;5.4891689;7500000;4;2
"Al-II";"I";226.91;0.0138938;5.4762391;75800000;4;6
"Al-II";"I";226.922;0.0138938;5.4759355;12600000;4;4
"Al-II";"II";232.42;11.846618;17.17947;34600000;7;9
"Al-II";"II";232.544;11.846618;17.17663;3850000;7;7
"Al-II";"II";232.549;11.846753;17.17663;30700000;5;7
"Al-II";"II";232.644;11.846753;17.17446;5380000;5;5
"Al-II";"II";232.65;11.846869;17.17446;2.9e+07;3;5
"Al-II";"I";236.705;0;5.2363166;76100000;2;4
"Al-II";"I";237.207;0;5.225241;5760000;2;2
"Al-II";"I";237.312;0.0138938;5.2368177;90700000;4;6
"Al-II";"I";237.335;0.0138938;5.2363166;15100000;4;4
"Al-II";"I";237.837;0.0138938;5.225241;11400000;4;2
"Al-II";"II";247.525;10.598337;15.6057689;4.6e+07;5;3
"Al-II";"II";252.649;11.821968;16.727874;19400000;1;3
"Al-II";"I";256.798;0;4.8266321;19200000;2;4
"Al-II";"I";257.509;0.0138938;4.8271968;3.6e+07;4;6
"Al-II";"I";257.539;0.0138938;4.8266321;5990000;4;4
"Al-II";"II";263.155;10.598337;15.30839;2.48e+08;5;7
"Al-II";"II";263.769;11.846618;16.5457;28500000;7;9
"Al-II";"II";263.818;11.846618;16.544833;3180000;7;7
"Al-II";"II";263.825;11.846753;16.544833;25300000;5;7
"Al-II";"II";263.863;11.846753;16.544168;4440000;5;5
"Al-II";"II";263.869;11.846869;16.544168;2.4e+07;3;5
"Al-II";"I";265.248;0;4.6728909;14200000;2;2
"Al-II";"I";266.039;0.0138938;4.6728909;28400000;4;2
"Al-II";"II";281.618;7.420705;11.821968;3.57e+08;3;1
"Al-II";"II";299.428;13.071347;17.21085;4040000;1;3
"Al-II";"II";299.552;13.07308;17.21085;5440000;3;5
"Al-II";"II";299.815;13.076729;17.210881;7260000;5;7
"Al-II";"II";302.279;13.071347;17.171798;2680000;1;3
"Al-II";"II";302.408;13.07308;17.171798;8020000;3;3
"Al-II";"II";302.676;13.076729;17.171798;13300000;5;3
"Al-II";"II";307.469;13.649399;17.680649;9020000;5;7
"Al-II";"I";308.215;0;4.0214836;58700000;2;4
"Al-II";"II";308.852;13.25646;17.269654;10800000;3;5
"Al-II";"I";309.271;0.0138938;4.0216502;72900000;4;6
"Al-II";"I";309.284;0.0138938;4.0214836;11600000;4;4
"Al-II";"II";327.577;11.821968;15.6057689;7410000;1;3
"Al-II";"II";331.334;11.846618;15.5875046;1330000;7;5
"Al-II";"II";331.488;11.846753;15.5859083;1180000;5;3
"Al-II";"II";331.561;11.846869;15.585203;1580000;3;1
"Al-II";"II";335.146;13.649399;17.347743;10400000;5;3
"Al-II";"II";342.889;13.649399;17.2642222;5780000;5;7
"Al-II";"II";358.656;11.846618;15.302546;2.35e+08;7;9
"Al-II";"II";358.692;11.846618;15.302186;26200000;7;7
"Al-II";"II";358.707;11.846753;15.302186;2.09e+08;5;7
"Al-II";"II";358.718;11.846618;15.301941;1030000;7;5
"Al-II";"II";358.733;11.846753;15.301941;36600000;5;5
"Al-II";"II";358.745;11.846869;15.301941;1.97e+08;3;5
"Al-II";"II";364.92;13.071347;16.467947;12600000;1;3
"Al-II";"II";365.108;13.07308;16.467928;1.7e+07;3;5
"Al-II";"II";365.499;13.076729;16.46794;22600000;5;7
"Al-II";"II";370.322;13.25646;16.6035135;32300000;3;5
"Al-II";"II";373.195;13.071347;16.3926349;4950000;1;3
"Al-II";"II";373.391;13.07308;16.3926349;14800000;3;3
"Al-II";"II";373.801;13.076729;16.3926349;24600000;5;3
"Al-II";"II";386.616;13.25646;16.4624524;42600000;3;1
"Al-II";"I";394.401;0;3.1427212;49900000;2;2
"Al-II";"I";396.152;0.0138938;3.1427212;98500000;4;2
"Al-II";"II";399.584;15.062034;18.163991;7050000;7;9
"Al-II";"II";399.614;15.062086;18.163808;6260000;5;7
"Al-II";"II";399.632;15.062086;18.163673;1100000;5;5
"Al-II";"II";399.637;15.0621276;18.163673;5910000;3;5
"Al-II";"II";402.65;13.649399;16.727874;11600000;5;3
"Al-II";"II";422.681;15.062034;17.994485;9370000;7;9
"Al-II";"II";422.742;15.062034;17.994066;1040000;7;7
"Al-II";"II";422.749;15.062086;17.994066;8310000;5;7
"Al-II";"II";422.795;15.062086;17.993766;1460000;5;5
"Al-II";"II";422.8;15.0621276;17.993766;7850000;3;5
"Al-II";"II";434.69;15.301941;18.15338;4180000;5;7
"Al-II";"II";458.582;15.062034;17.764921;1e+07;7;9
"Al-II";"II";458.808;15.062034;17.763571;1120000;7;7
"Al-II";"II";458.819;15.062086;17.763571;8910000;5;7
"Al-II";"II";458.967;15.062086;17.762699;1560000;5;5
"Al-II";"II";458.974;15.0621276;17.762699;8410000;3;5
"Al-II";"II";466.306;10.598337;13.25646;58100000;5;3
"Al-II";"II";527.862;15.585203;17.93332;1110000;1;3
"Al-II";"II";528.021;15.5859083;17.933345;1490000;3;5
"Al-II";"II";528.374;15.5875046;17.933378;2e+06;5;7
"Al-II";"II";528.584;15.6057689;17.950709;3280000;3;5
"Al-II";"II";538.848;15.0475561;17.347743;1430000;1;3
"Al-II";"II";559.33;13.25646;15.4725;92600000;3;5
"Al-II";"II";561.329;15.4725;17.680649;3430000;5;7
"Al-II";"II";585.362;15.062034;17.17947;12800000;7;9
"Al-II";"II";586.153;15.062086;17.17663;11400000;5;7
"Al-II";"II";586.781;15.0621276;17.17446;10700000;3;5
"Al-II";"II";597.198;15.6057689;17.681296;5810000;3;5
"Al-II";"II";599.975;15.585203;17.651077;2070000;1;3
"Al-II";"II";600.176;15.5859083;17.651096;2790000;3;5
"Al-II";"II";600.188;15.5859083;17.651077;1550000;3;3
"Al-II";"II";600.641;15.5875046;17.651132;3710000;5;7
"Al-II";"II";606.112;15.6057689;17.65077;8380000;3;1
"Al-II";"II";606.847;15.5859083;17.628438;2660000;3;3
"Al-II";"II";607.32;15.5875046;17.628438;4430000;5;3
"Al-II";"II";618.163;15.301941;17.30709;24100000;5;7
"Al-II";"II";622.618;13.071347;15.0621276;62500000;1;3
"Al-II";"II";623.174;13.07308;15.062086;8.4e+07;3;5
"Al-II";"II";624.336;13.076729;15.062034;1.11e+08;5;7
"Al-II";"II";633.57;13.649399;15.6057689;15300000;5;3
"Al-II";"II";660.964;15.4725;17.347743;2200000;5;3
"Al-II";"I";669.602;3.1427212;4.993821;1e+06;2;4
"Al-II";"I";669.867;3.1427212;4.9930889;1e+06;2;2
"Al-II";"II";681.669;13.071347;14.8896243;1.2e+07;1;3
"Al-II";"II";682.348;13.07308;14.8896243;35900000;3;3
"Al-II";"II";683.714;13.076729;14.8896243;59400000;5;3
"Al-II";"I";690.64;4.0216502;5.816394;1150000;6;8
"Al-II";"II";691.793;15.4725;17.2642222;9900000;5;7
"Al-II";"II";691.996;13.25646;15.0475561;1e+08;3;1
"Al-II";"II";704.206;11.316596;13.076729;57800000;3;5
"Al-II";"II";705.66;11.316596;13.07308;57400000;3;3
"Al-II";"II";706.364;11.316596;13.071347;57300000;3;1
"Al-II";"I";708.397;4.0214836;5.7712093;1540000;4;6
"Al-II";"I";708.464;4.0216502;5.7712093;1650000;6;8
"Al-II";"I";736.157;4.0214836;5.7052289;2320000;4;6
"Al-II";"I";736.23;4.0216502;5.7052289;2490000;6;8
"Al-II";"II";744.942;15.6057689;17.269654;11600000;3;5
"Al-II";"II";747.141;13.649399;15.30839;55700000;5;7
"Al-II";"II";762.448;15.585203;17.21085;4590000;1;3
"Al-II";"II";762.785;15.5859083;17.21085;6200000;3;5
"Al-II";"II";763.533;15.5875046;17.210881;8250000;5;7
"Al-II";"II";781.231;15.585203;17.171798;1550000;1;3
"Al-II";"II";781.583;15.5859083;17.171798;4640000;3;3
"Al-II";"II";782.372;15.5875046;17.171798;7700000;5;3
"Al-II";"I";783.531;4.0214836;5.6034263;3710000;4;6
"Al-II";"I";783.613;4.0216502;5.6034263;3970000;6;8
"Al-II";"II";808.691;16.6035135;18.136247;2020000;5;7
"Al-II";"II";811.972;16.46794;17.994485;2910000;7;9
"Al-II";"II";812.203;16.467928;17.994066;2580000;5;7
"Al-II";"II";812.352;16.467947;17.993766;2440000;3;5
"Al-II";"II";835.432;15.062034;16.5457;42700000;7;9
"Al-II";"II";835.923;15.062034;16.544833;4750000;7;7
"Al-II";"II";835.949;15.062086;16.544833;37900000;5;7
"Al-II";"II";836.325;15.062086;16.544168;6640000;5;5
"Al-II";"II";836.347;15.0621276;16.544168;35800000;3;5
"Al-II";"II";864.07;11.821968;13.25646;3e+07;1;3
"Al-II";"II";867.121;16.544168;17.97363;5520000;5;7
"Al-II";"I";877.287;4.0214836;5.4343639;6470000;4;6
"Al-II";"I";877.39;4.0216502;5.4343644;6950000;6;8
"Al-II";"I";884.128;4.0872183;5.4891689;1340000;4;2
"Cl-II";"I";120.135;0.10939764;10.4297829;2.39e+08;2;4
"Cl-II";"I";133.573;0;9.2821597;1.74e+08;4;2
"Cl-II";"I";134.724;0;9.202832;4.19e+08;4;4
"Cl-II";"I";135.166;0.10939764;9.2821597;3.23e+08;2;2
"Cl-II";"I";136.345;0.10939764;9.202832;7.5e+07;2;4
"Cl-II";"I";137.953;0;8.987437;1.1e+07;4;4
"Cl-II";"I";138.996;0.10939764;9.0294019;1700000;2;2
"Cl-II";"I";139.653;0.10939764;8.987437;1500000;2;4
"Cl-II";"II";242.779;15.947218;21.052575;2.5e+07;3;5
"Cl-II";"II";243.407;15.960588;21.052739;7.2e+07;7;9
"Cl-II";"II";249.853;15.95225;20.913032;2.2e+07;5;5
"Cl-II";"II";250.274;15.960588;20.913032;3.1e+07;7;5
"Cl-II";"II";254.696;16.335677;21.20215;5.8e+07;3;5
"Cl-II";"II";254.988;16.337232;21.198125;7.6e+07;5;7
"Cl-II";"II";331.543;16.335677;20.074208;1.1e+08;3;5
"Cl-II";"II";332.91;16.337232;20.060418;1.5e+08;5;7
"Cl-II";"II";379.876;18.143296;21.406179;1.6e+08;5;7
"Cl-II";"II";380.518;18.160045;21.417426;1.8e+08;7;9
"Cl-II";"II";380.946;18.142826;21.396543;1.5e+08;3;5
"Cl-II";"II";384.537;15.947218;19.170557;9.4e+07;3;5
"Cl-II";"II";384.565;15.947218;19.170325;2e+08;3;3
"Cl-II";"II";384.58;15.947218;19.1702;2.7e+08;3;1
"Cl-II";"II";385.099;15.95225;19.170879;1.8e+08;5;7
"Cl-II";"II";385.137;15.95225;19.170557;1.6e+08;5;5
"Cl-II";"II";385.165;15.95225;19.170325;6.7e+07;5;3
"Cl-II";"II";386.083;15.960588;19.171015;2.7e+08;7;9
"Cl-II";"II";386.099;15.960588;19.170879;8.9e+07;7;7
"Cl-II";"II";386.137;15.960588;19.170557;1.8e+07;7;5
"Cl-II";"II";391.387;18.250504;21.417426;8.2e+07;9;9
"Cl-II";"II";391.663;18.241494;21.406179;7.4e+07;7;7
"Cl-II";"II";413.25;16.002264;19.001646;1.6e+08;5;5
"Cl-II";"I";437.99;8.987437;11.8173988;1400000;4;4
"Cl-II";"I";438.975;8.9217;11.745308;1400000;6;8
"Cl-II";"I";443.849;8.9217;11.7143043;1400000;6;6
"Cl-II";"I";452.619;9.202832;11.941331;5100000;4;4
"Cl-II";"I";460.098;9.2821597;11.9761416;4200000;2;2
"Cl-II";"I";466.121;9.2821597;11.941331;1200000;2;4
"Cl-II";"I";469.152;9.202832;11.8448209;1100000;4;2
"Cl-II";"II";476.865;17.085785;19.685043;7.7e+07;3;5
"Cl-II";"II";478.132;17.094863;19.687234;1e+08;5;7
"Cl-II";"II";479.455;13.375373;15.960588;1.04e+08;5;7
"Cl-II";"II";481.006;13.375373;15.95225;9.9e+07;5;5
"Cl-II";"II";481.947;13.375373;15.947218;1e+08;5;3
"Cl-II";"II";489.677;15.719258;18.250504;8.8e+07;7;9
"Cl-II";"II";490.478;15.714374;18.241494;8.1e+07;5;7
"Cl-II";"II";491.773;15.712108;18.232572;7.5e+07;3;5
"Cl-II";"II";499.548;15.678806;18.160045;1.3e+07;9;7
"Cl-II";"II";507.826;15.719258;18.160045;7.7e+07;7;7
"Cl-II";"II";521.794;13.961781;16.337232;7.7e+07;3;5
"Cl-II";"II";522.136;13.961781;16.335677;7.7e+07;3;3
"Cl-II";"II";539.212;16.002264;18.300981;1e+08;5;7
"Cl-II";"II";542.323;13.675065;15.960588;1.8e+07;9;7
"Cl-II";"II";542.351;13.675174;15.960588;3700000;7;7
"Cl-II";"II";544.337;13.675174;15.95225;1.5e+07;7;5
"Cl-II";"II";544.421;13.675527;15.95225;9500000;5;5
"Cl-II";"II";545.702;13.675844;15.947218;1.1e+07;3;3
"Cl-II";"II";609.469;16.002264;18.036001;5.3e+07;5;3
"Cl-II";"I";725.662;8.9217;10.6297965;1.5e+07;6;4
"Cl-II";"I";741.411;8.9217;10.5935112;4700000;6;4
"Cl-II";"I";754.707;8.987437;10.6297965;1.2e+07;4;4
"Cl-II";"I";771.758;8.987437;10.5935112;3e+06;4;4
"Cl-II";"I";774.497;9.0294019;10.6297965;6300000;2;4
"Cl-II";"I";776.916;10.2806325;11.8760437;6e+06;6;6
"Cl-II";"I";777.109;10.306918;11.9019327;2400000;4;2
"Cl-II";"I";782.136;10.2806325;11.8653962;9800000;6;8
"Cl-II";"I";783.075;10.306918;11.8897827;9700000;4;4
"Cl-II";"I";787.822;8.9217;10.4950268;1800000;6;6
"Cl-II";"I";789.931;10.306918;11.8760437;5100000;4;6
"Cl-II";"I";791.508;10.3359337;11.9019327;6100000;2;2
"Cl-II";"I";792.464;9.0294019;10.5935112;2100000;2;4
"Cl-II";"I";793.501;10.4310711;11.9931368;3900000;6;8
"Cl-II";"I";797.697;10.3359337;11.8897827;4100000;2;4
"Cl-II";"I";798.06;8.9217;10.4748433;1600000;6;4
"Cl-II";"I";799.785;8.987437;10.5372286;2100000;4;4
"Cl-II";"I";808.451;10.4295834;11.9627639;4200000;6;4
"Cl-II";"I";808.556;10.4297829;11.9627639;3.8e+07;4;4
"Cl-II";"I";808.667;10.4295834;11.9623537;4e+07;6;6
"Cl-II";"I";808.773;10.4297829;11.9623537;2800000;4;6
"Cl-II";"I";819.442;8.987437;10.5000528;5e+06;4;2
"Cl-II";"I";821.204;8.9217;10.4310711;7900000;6;6
"Cl-II";"I";833.331;8.987437;10.4748433;1.6e+07;4;4
"Cl-II";"II";836.071;14.854698;16.337232;1.1e+07;7;5
"Cl-II";"II";836.184;14.853347;16.335677;9600000;5;3
"Cl-II";"I";837.594;8.9217;10.4015349;2.8e+07;6;8
"Cl-II";"II";838.267;14.858677;16.337325;1.3e+07;3;1
"Cl-II";"II";839.202;14.858677;16.335677;3200000;3;3
"Cl-II";"I";842.825;9.0294019;10.5000528;2.4e+07;2;2
"Cl-II";"I";855.044;9.202832;10.6524665;1900000;4;2
"Cl-II";"I";857.524;9.0294019;10.4748433;1.2e+07;2;4
"Cl-II";"I";858.597;8.987437;10.4310711;1.9e+07;4;6
"Cl-II";"I";868.626;9.202832;10.6297965;3900000;4;4
"Cl-II";"I";894.806;8.9217;10.306918;1.2e+07;6;4
"Cl-II";"I";907.317;9.202832;10.5689499;1.9e+07;4;2
"Cl-II";"I";912.115;8.9217;10.2806325;1.7e+07;6;6
"Cl-II";"I";919.173;8.987437;10.3359337;2.1e+07;4;2
"Cl-II";"I";928.886;9.202832;10.5372286;4400000;4;4
"Cl-II";"I";939.386;8.987437;10.306918;3100000;4;4
"Cl-II";"I";948.696;9.0294019;10.3359337;3900000;2;2
"Cl-II";"I";958.48;8.987437;10.2806325;6600000;4;6
"Cl-II";"I";959.222;9.202832;10.4950268;2.4e+07;4;6
"Cl-II";"I";963.251;9.2821597;10.5689499;8300000;2;2
"Cl-II";"I";970.244;9.0294019;10.306918;9100000;2;4
"Cl-II";"I";987.597;9.2821597;10.5372286;1.9e+07;2;4
"Sc-II";"II";188.06;0.315038;6.907824;5e+08;5;3
"Sc-II";"II";206.426;3.49154;9.49586;2.2e+08;7;5
"Sc-II";"II";206.804;3.474197;9.46753;2e+08;5;3
"Sc-II";"I";211.285;0;5.8662536;3200000;4;6
"Sc-II";"I";211.665;0;5.8557128;2e+07;4;4
"Sc-II";"I";212.039;0.0208711;5.8662536;2e+07;6;6
"Sc-II";"II";223.291;1.356952;6.907824;7.8e+07;5;3
"Sc-II";"I";226.229;0;5.478773;5800000;4;4
"Sc-II";"I";226.659;0;5.468376;4.8e+07;4;2
"Sc-II";"I";227.094;0.0208711;5.478773;4.6e+07;6;4
"Sc-II";"II";227.311;1.455123;6.907824;7.7e+08;1;3
"Sc-II";"I";228.083;0;5.434242;2.8e+07;4;6
"Sc-II";"I";228.963;0.0208711;5.434242;4100000;6;6
"Sc-II";"I";231.129;0;5.3626336;4100000;4;6
"Sc-II";"I";231.569;0;5.352452;2.5e+07;4;4
"Sc-II";"I";232.032;0.0208711;5.3626336;2.4e+07;6;6
"Sc-II";"I";232.475;0.0208711;5.352452;4100000;6;4
"Sc-II";"I";232.819;0;5.32373;4600000;4;6
"Sc-II";"I";233.467;0;5.308936;1.7e+07;4;2
"Sc-II";"I";233.517;0.0208711;5.328692;3600000;6;8
"Sc-II";"I";233.681;0;5.3040932;3700000;4;4
"Sc-II";"I";234.603;0.0208711;5.3040932;1.3e+07;6;4
"Sc-II";"I";242.866;0;5.1035003;2070000;4;6
"Sc-II";"I";242.919;0;5.102373;28200000;4;4
"Sc-II";"I";243.863;0.0208711;5.1035003;2.1e+07;6;6
"Sc-II";"I";243.917;0.0208711;5.102373;2170000;6;4
"Sc-II";"I";246.267;0;5.0330168;2080000;4;4
"Sc-II";"I";246.84;0;5.021323;4880000;4;2
"Sc-II";"I";247.293;0.0208711;5.0330168;2920000;6;4
"Sc-II";"II";254.082;0;4.878223;2600000;3;5
"Sc-II";"II";254.52;0.008396;4.878223;4e+07;5;5
"Sc-II";"II";255.235;0.022039;4.878223;2.21e+08;7;5
"Sc-II";"II";255.579;0;4.849647;6.9e+07;3;3
"Sc-II";"II";256.023;0.008396;4.849647;2.01e+08;5;3
"Sc-II";"II";256.319;0;4.835657;2.7e+08;3;1
"Sc-II";"II";261.119;3.233674;7.980451;2.2e+08;5;5
"Sc-II";"II";266.77;4.849647;9.49586;1.5e+08;3;5
"Sc-II";"I";269.277;0;4.6029653;16100000;4;2
"Sc-II";"I";269.902;0;4.59232;2400000;4;6
"Sc-II";"I";270.674;0;4.5792199;3.1e+07;4;4
"Sc-II";"I";270.793;0.0208711;4.5980805;14900000;6;4
"Sc-II";"I";271.134;0.0208711;4.59232;3.2e+07;6;6
"Sc-II";"I";271.705;0;4.5618306;3580000;4;4
"Sc-II";"I";272.459;0.0208711;4.5700835;1570000;6;6
"Sc-II";"I";272.648;0;4.546056;1210000;4;6
"Sc-II";"II";273.557;3.49154;8.022508;8.1e+07;7;5
"Sc-II";"II";274.636;3.82066;8.333791;3.9e+08;3;1
"Sc-II";"II";278.231;3.402586;7.857453;1.3e+08;5;5
"Sc-II";"II";278.915;3.422268;7.866197;1.3e+08;7;7
"Sc-II";"II";280.131;3.451887;7.876535;1.3e+08;9;9
"Sc-II";"II";281.949;3.461364;7.857453;2.3e+08;3;5
"Sc-II";"II";282.212;3.474197;7.866197;2.5e+08;5;7
"Sc-II";"II";282.664;3.49154;7.876535;2.8e+08;7;9
"Sc-II";"II";287.085;3.697696;8.015169;1.1e+08;5;3
"Sc-II";"II";291.298;3.233674;7.488696;1.1e+08;5;3
"Sc-II";"I";296.587;0;4.1791396;7500000;4;6
"Sc-II";"I";297.401;0;4.1677126;5.5e+07;4;4
"Sc-II";"II";297.968;3.82066;7.980451;1.2e+08;3;5
"Sc-II";"I";298.076;0.0208711;4.1791396;5.4e+07;6;6
"Sc-II";"II";298.892;3.233674;7.380583;2.9e+08;5;7
"Sc-II";"I";298.897;0.0208711;4.1677126;6900000;6;4
"Sc-II";"I";301.537;0;4.1105447;7.8e+07;4;6
"Sc-II";"I";301.936;0.0208711;4.125992;8.7e+07;6;8
"Sc-II";"I";303.076;0.0208711;4.1105447;1e+07;6;6
"Sc-II";"II";303.992;4.010886;8.088238;3.5e+08;7;9
"Sc-II";"II";304.572;3.402586;7.472176;3.68e+08;5;7
"Sc-II";"II";305.292;3.422268;7.482255;3.92e+08;7;9
"Sc-II";"II";306.054;3.422268;7.472176;3e+07;7;7
"Sc-II";"II";306.512;3.451887;7.495728;4e+08;9;11
"Sc-II";"II";307.536;3.451887;7.482255;2.5e+07;9;9
"Sc-II";"II";310.752;3.233674;7.222339;7.9e+07;5;5
"Sc-II";"II";312.827;3.461364;7.423564;1.9e+08;3;3
"Sc-II";"II";313.307;3.474197;7.430306;1.8e+08;5;5
"Sc-II";"II";313.972;3.49154;7.439289;2.1e+08;7;7
"Sc-II";"II";319.098;3.687558;7.571892;1.1e+08;3;3
"Sc-II";"II";319.933;3.697696;7.571892;1.9e+08;5;3
"Sc-II";"II";324.416;0;3.82066;2200000;3;3
"Sc-II";"II";325.132;0.008396;3.82066;2300000;5;3
"Sc-II";"I";325.568;0;3.8071451;3.2e+07;4;4
"Sc-II";"I";326.99;0;3.7905891;3.13e+08;4;2
"Sc-II";"I";327.363;0.0208711;3.8071451;2.81e+08;6;4
"Sc-II";"II";331.17;3.687558;7.430306;9.2e+07;3;5
"Sc-II";"II";331.272;3.697696;7.439289;1.2e+08;5;7
"Sc-II";"II";331.702;3.686828;7.423564;6.5e+07;1;3
"Sc-II";"II";332.04;3.402586;7.135524;1.2e+08;5;3
"Sc-II";"II";333.104;3.422268;7.143275;1e+08;7;5
"Sc-II";"II";334.323;3.451887;7.159334;1.1e+08;9;7
"Sc-II";"II";335.207;0;3.697696;1600000;3;5
"Sc-II";"II";335.372;0.315038;4.010886;1.51e+08;5;7
"Sc-II";"II";335.923;3.21803;6.907824;7800000;1;3
"Sc-II";"II";335.967;0.008396;3.697696;21600000;5;5
"Sc-II";"II";336.126;0;3.687558;3.4e+07;3;3
"Sc-II";"II";336.193;0;3.686828;1.17e+08;3;1
"Sc-II";"II";336.894;0.008396;3.687558;8.3e+07;5;3
"Sc-II";"II";337.215;0.022039;3.697696;9.9e+07;7;5
"Sc-II";"II";337.352;3.461364;7.135524;6.5e+07;3;3
"Sc-II";"II";337.82;3.474197;7.143275;5.5e+07;5;5
"Sc-II";"II";337.916;3.82066;7.488696;2.5e+08;3;3
"Sc-II";"II";337.938;3.49154;7.159334;7.3e+07;7;7
"Sc-II";"II";353.571;0.315038;3.82066;6.1e+07;5;3
"Sc-II";"II";355.853;0.008396;3.49154;3e+07;5;7
"Sc-II";"II";356.77;0;3.474197;3.5e+07;3;5
"Sc-II";"II";357.253;0.022039;3.49154;1.38e+08;7;7
"Sc-II";"II";357.634;0.008396;3.474197;1.06e+08;5;5
"Sc-II";"II";358.066;3.697696;7.159334;4.6e+07;5;7
"Sc-II";"II";358.093;0;3.461364;1.23e+08;3;3
"Sc-II";"II";358.678;3.687558;7.143275;3.4e+07;3;5
"Sc-II";"II";358.963;0.008396;3.461364;4.6e+07;5;3
"Sc-II";"II";359.047;0.022039;3.474197;2.9e+07;7;5
"Sc-II";"II";361.383;0.022039;3.451887;1.48e+08;7;9
"Sc-II";"II";363.074;0.008396;3.422268;1.2e+08;5;7
"Sc-II";"II";364.278;0;3.402586;1.13e+08;3;5
"Sc-II";"II";364.375;3.82066;7.222339;4.7e+07;3;5
"Sc-II";"II";364.531;0.022039;3.422268;27400000;7;7
"Sc-II";"II";365.18;0.008396;3.402586;3e+07;5;5
"Sc-II";"II";366.653;0.022039;3.402586;1600000;7;5
"Sc-II";"II";367.833;4.010886;7.380583;1e+08;7;7
"Sc-II";"II";384.305;0.008396;3.233674;1690000;5;5
"Sc-II";"II";385.959;4.010886;7.222339;1.1e+08;7;5
"Sc-II";"I";390.748;0;3.1720895;1.66e+08;4;6
"Sc-II";"I";391.181;0.0208711;3.1894511;1.79e+08;6;8
"Sc-II";"I";393.337;0.0208711;3.1720895;16200000;6;6
"Sc-II";"I";399.66;0;3.1013643;16500000;4;6
"Sc-II";"II";401.448;0.315038;3.402586;1800000;5;5
"Sc-II";"I";401.776;1.9431497;5.0281742;1100000;4;6
"Sc-II";"I";402.039;0;3.0830124;1.63e+08;4;4
"Sc-II";"I";402.322;1.9431497;5.0239961;3e+07;4;4
"Sc-II";"I";402.368;0.0208711;3.1013643;1.65e+08;6;6
"Sc-II";"I";403.138;1.9535607;5.0281742;2.9e+07;6;6
"Sc-II";"I";403.686;1.9535607;5.0239961;7900000;6;4
"Sc-II";"I";404.38;1.9690809;5.0342461;31100000;8;8
"Sc-II";"I";404.78;0.0208711;3.0830124;15400000;6;4
"Sc-II";"I";405.183;1.9690809;5.0281742;7700000;8;6
"Sc-II";"I";405.454;0;3.0570427;44600000;4;2
"Sc-II";"I";406.7;1.9865643;5.0342461;19100000;6;8
"Sc-II";"I";406.763;1.9870393;5.0342461;4100000;10;8
"Sc-II";"I";407.496;1.9864474;5.0281742;3.7e+07;4;6
"Sc-II";"I";407.856;1.9849552;5.0239961;4.3e+07;2;4
"Sc-II";"I";408.057;1.9864474;5.0239961;6600000;4;4
"Sc-II";"I";408.239;0.0208711;3.0570618;27300000;6;4
"Sc-II";"I";408.666;2.0012291;5.0342461;3.7e+07;6;8
"Sc-II";"I";408.747;1.9957592;5.0281742;11200000;4;6
"Sc-II";"I";409.312;1.9957592;5.0239961;12300000;4;4
"Sc-II";"I";409.486;2.0012291;5.0281742;14400000;6;6
"Sc-II";"I";409.836;2.0098848;5.0342461;8700000;8;8
"Sc-II";"I";413.298;1.9431497;4.942177;1.19e+08;4;6
"Sc-II";"I";414.027;1.9535607;4.947304;1.17e+08;6;8
"Sc-II";"I";414.738;1.9535607;4.942177;17400000;6;6
"Sc-II";"I";416.185;1.9690809;4.947304;17700000;8;8
"Sc-II";"I";417.153;1.9535607;4.92487;13600000;6;4
"Sc-II";"I";418.642;1.9865643;4.947304;8400000;6;8
"Sc-II";"I";418.76;1.9690809;4.9289897;12800000;8;6
"Sc-II";"I";419.353;1.9864474;4.942177;6100000;4;6
"Sc-II";"I";420.452;1.9865643;4.934566;3500000;6;8
"Sc-II";"I";420.52;1.9870393;4.934566;11200000;10;8
"Sc-II";"I";421.232;1.9864474;4.9289897;15800000;4;6
"Sc-II";"I";421.248;1.9865643;4.9289897;8600000;6;6
"Sc-II";"I";421.608;1.9849552;4.92487;23600000;2;4
"Sc-II";"I";421.822;1.9864474;4.92487;22600000;4;4
"Sc-II";"I";422.554;2.0012291;4.934566;9500000;6;8
"Sc-II";"I";422.569;1.9957592;4.9289897;7600000;4;6
"Sc-II";"I";423.164;1.9957592;4.92487;13100000;4;4
"Sc-II";"I";423.359;2.0012291;4.9289897;4e+07;6;6
"Sc-II";"I";423.805;2.0098848;4.934566;7.1e+07;8;8
"Sc-II";"I";423.955;2.0012291;4.92487;22700000;6;4
"Sc-II";"I";424.614;2.0098848;4.9289897;11500000;8;6
"Sc-II";"II";424.682;0.315038;3.233674;1.29e+08;5;5
"Sc-II";"II";429.476;0.605486;3.49154;2100000;7;7
"Sc-II";"II";430.571;0.59548;3.474197;3600000;5;5
"Sc-II";"II";431.408;0.618407;3.49154;4.1e+07;9;7
"Sc-II";"II";432.074;0.605486;3.474197;4e+07;7;5
"Sc-II";"II";432.5;0.59548;3.461364;4.3e+07;5;3
"Sc-II";"II";435.46;0.605486;3.451887;1030000;7;9
"Sc-II";"II";437.446;0.618407;3.451887;14800000;9;9
"Sc-II";"II";438.481;0.59548;3.422268;1230000;5;7
"Sc-II";"II";440.039;0.605486;3.422268;14300000;7;7
"Sc-II";"II";441.554;0.59548;3.402586;14700000;5;5
"Sc-II";"I";451.137;1.8505957;4.5980805;1100000;6;4
"Sc-II";"I";454.255;1.8505957;4.5792199;12800000;6;4
"Sc-II";"I";454.47;1.8649582;4.59232;13300000;8;6
"Sc-II";"II";467.041;1.356952;4.010886;11600000;5;7
"Sc-II";"I";470.694;2.2956499;4.9289897;28100000;4;6
"Sc-II";"I";470.931;2.3025584;4.934566;4e+07;6;8
"Sc-II";"I";471.172;2.2942108;4.92487;18100000;2;4
"Sc-II";"I";471.43;2.2956499;4.92487;21400000;4;4
"Sc-II";"I";471.931;2.3025584;4.9289897;10400000;6;6
"Sc-II";"I";472.081;1.4282931;4.0538875;1190000;4;6
"Sc-II";"I";472.877;1.4394858;4.0606653;11600000;8;8
"Sc-II";"I";472.921;1.4282931;4.0492353;2.2e+07;4;4
"Sc-II";"I";472.921;1.4329667;4.0538875;19300000;6;6
"Sc-II";"I";473.411;1.4282931;4.046523;1.1e+08;4;2
"Sc-II";"I";473.765;1.4329667;4.0492353;8.8e+07;6;4
"Sc-II";"I";474.102;1.4394858;4.0538875;9.1e+07;8;6
"Sc-II";"I";474.382;1.4478022;4.0606653;9.8e+07;10;8
"Sc-II";"I";475.317;0;2.6077264;1080000;4;6
"Sc-II";"I";497.366;2.1108467;4.6029653;8.4e+07;4;2
"Sc-II";"I";498.036;2.1093125;4.5980805;5.6e+07;6;4
"Sc-II";"I";498.343;2.1108467;4.5980805;25800000;4;4
"Sc-II";"I";499.19;2.1093125;4.59232;3.8e+07;6;6
"Sc-II";"I";499.5;2.1108467;4.59232;5900000;4;6
"Sc-II";"I";501.841;2.1093125;4.5792199;20900000;6;4
"Sc-II";"I";502.152;2.1108467;4.5792199;2.3e+07;4;4
"Sc-II";"II";503.101;1.356952;3.82066;3.5e+07;5;3
"Sc-II";"I";505.308;2.1393568;4.59232;1400000;4;6
"Sc-II";"I";505.449;2.1458031;4.5980805;1200000;6;4
"Sc-II";"I";506.431;1.4394858;3.8870024;7300000;8;10
"Sc-II";"I";506.638;2.1458031;4.59232;3600000;6;6
"Sc-II";"I";507.017;1.4329667;3.8776554;11600000;6;8
"Sc-II";"I";507.271;2.135755;4.5792199;2e+06;2;4
"Sc-II";"I";507.582;1.4282931;3.8702635;11500000;4;6
"Sc-II";"I";508.022;2.1393568;4.5792199;4100000;4;4
"Sc-II";"I";508.156;1.4478022;3.8870024;7.6e+07;10;10
"Sc-II";"I";508.372;1.4394858;3.8776554;6.2e+07;8;8
"Sc-II";"I";508.555;1.4329667;3.8702635;5.7e+07;6;6
"Sc-II";"I";508.69;1.4282931;3.864912;6.6e+07;4;4
"Sc-II";"I";509.365;2.1458031;4.5792199;1700000;6;4
"Sc-II";"I";509.672;1.4329667;3.864912;16900000;6;4
"Sc-II";"I";509.919;1.4394858;3.8702635;1.5e+07;8;6
"Sc-II";"I";510.112;1.4478022;3.8776554;8800000;10;8
"Sc-II";"II";523.981;1.455123;3.82066;13900000;1;3
"Sc-II";"I";532.307;1.8505957;4.1791396;1e+06;6;6
"Sc-II";"I";533.179;1.9431497;4.2678869;11100000;4;4
"Sc-II";"I";533.943;1.9535607;4.2749739;10600000;6;6
"Sc-II";"I";534.107;1.9431497;4.263848;3.8e+07;4;2
"Sc-II";"I";534.934;1.8505957;4.1677126;5.9e+07;6;4
"Sc-II";"I";535.028;1.9690809;4.2857841;6800000;8;8
"Sc-II";"I";535.579;1.9535607;4.2678869;3e+07;6;4
"Sc-II";"I";535.61;1.8649582;4.1791396;5.7e+07;8;6
"Sc-II";"I";537.537;1.9690809;4.2749739;3.4e+07;8;6
"Sc-II";"I";539.206;1.9870393;4.2857841;4.2e+07;10;8
"Sc-II";"I";541.616;1.9864474;4.2749739;4400000;4;6
"Sc-II";"I";541.641;1.9865643;4.2749739;2e+06;6;6
"Sc-II";"I";542.555;2.0012291;4.2857841;4500000;6;8
"Sc-II";"I";542.942;1.9849552;4.2678869;9e+06;2;4
"Sc-II";"I";543.298;1.9864474;4.2678869;5400000;4;4
"Sc-II";"I";543.325;1.9865643;4.2678869;9700000;6;4
"Sc-II";"I";543.828;1.9957592;4.2749739;3400000;4;6
"Sc-II";"I";543.904;1.9849552;4.263848;17400000;2;2
"Sc-II";"I";544.262;1.9864474;4.263848;21500000;4;2
"Sc-II";"I";544.62;2.0098848;4.2857841;2.8e+07;8;8
"Sc-II";"I";544.74;1.8505957;4.125992;1140000;6;8
"Sc-II";"I";545.137;2.0012291;4.2749739;1.5e+07;6;6
"Sc-II";"I";545.524;1.9957592;4.2678869;6600000;4;4
"Sc-II";"I";546.495;1.9957592;4.263848;3200000;4;2
"Sc-II";"I";546.84;2.0012291;4.2678869;9700000;6;4
"Sc-II";"I";547.219;2.0098848;4.2749739;9700000;8;6
"Sc-II";"I";548.201;1.8649582;4.125992;5.2e+07;8;8
"Sc-II";"I";548.463;1.8505957;4.1105447;5.2e+07;6;6
"Sc-II";"I";551.423;1.8505957;4.0984163;4.1e+07;6;8
"Sc-II";"I";551.538;1.9431497;4.1904964;1570000;4;6
"Sc-II";"I";552.05;1.8649582;4.1102231;41600000;8;10
"Sc-II";"I";552.61;1.9431497;4.1861447;7100000;4;4
"Sc-II";"II";552.678;1.768178;4.010886;3.3e+07;9;7
"Sc-II";"I";554.107;1.9535607;4.1904964;5500000;6;6
"Sc-II";"I";555.185;1.9535607;4.1861447;1640000;6;4
"Sc-II";"I";557.976;1.9690809;4.1904964;1520000;8;6
"Sc-II";"I";562.373;1.9864474;4.1904964;1280000;4;6
"Sc-II";"I";562.404;1.9865643;4.1904964;1110000;6;6
"Sc-II";"I";563.104;1.9849552;4.1861447;3e+06;2;4
"Sc-II";"I";563.486;1.9864474;4.1861447;1920000;4;4
"Sc-II";"II";564.1;1.500395;3.697696;3100000;3;5
"Sc-II";"I";564.757;1.9957592;4.1904964;1610000;4;6
"Sc-II";"II";565.791;1.506956;3.697696;10400000;5;5
"Sc-II";"II";565.836;1.496998;3.687558;4300000;1;3
"Sc-II";"II";566.716;1.500395;3.687558;3400000;3;3
"Sc-II";"II";566.906;1.500395;3.686828;13100000;3;1
"Sc-II";"I";567.183;1.4478022;3.6331691;5.4e+07;10;12
"Sc-II";"II";568.421;1.506956;3.687558;5800000;5;3
"Sc-II";"I";568.683;1.4394858;3.6190792;48600000;8;10
"Sc-II";"I";570.015;1.4329667;3.6074663;47200000;6;8
"Sc-II";"I";570.861;1.4478022;3.6190792;5160000;10;10
"Sc-II";"I";571.175;1.4282931;3.5983765;46600000;4;6
"Sc-II";"I";571.729;1.4394858;3.6074663;6030000;8;8
"Sc-II";"I";572.408;1.4329667;3.5983765;5710000;6;6
"Sc-II";"I";598.843;2.1093125;4.1791396;6600000;6;6
"Sc-II";"I";602.616;2.1108467;4.1677126;7200000;4;4
"Sc-II";"I";614.62;2.1093125;4.125992;4200000;6;8
"Sc-II";"I";619.843;2.1108467;4.1105447;3500000;4;6
"Sc-II";"I";621.066;0;1.9957592;1580000;4;4
"Sc-II";"I";624.996;2.3025584;4.2857841;13200000;6;8
"Sc-II";"I";626.222;2.2956499;4.2749739;8400000;4;6
"Sc-II";"I";628.013;2.2942108;4.2678869;4e+06;2;4
"Sc-II";"I";628.416;2.3025584;4.2749739;3900000;6;6
"Sc-II";"I";628.473;2.2956499;4.2678869;7100000;4;4
"Sc-II";"I";629.302;2.2942108;4.263848;10400000;2;2
"Sc-II";"I";630.566;0.0208711;1.9865643;1930000;6;6
"Sc-II";"II";660.458;1.356952;3.233674;1500000;5;5
"Sc-II";"I";774.122;2.509053;4.1102231;5430000;10;10
"Sc-II";"I";780.042;2.5093968;4.0984163;5100000;8;8
"Mn-II";"II";120.112;0;10.322427;5.4e+08;7;5
"Mn-II";"II";120.157;3.418399;13.73689;1e+08;11;13
"Mn-II";"II";122.278;3.415425;13.554876;4.7e+08;13;11
"Mn-II";"II";122.473;3.418399;13.541777;3.9e+08;11;9
"Mn-II";"II";122.64;3.419929;13.529544;3e+08;9;7
"Mn-II";"II";122.764;3.420542;13.52001;4e+08;7;5
"Mn-II";"II";122.842;3.420645;13.51358;5e+08;5;3
"Mn-II";"II";123.395;3.415425;13.463147;7e+08;13;13
"Mn-II";"II";123.487;3.418399;13.45863;6e+08;11;11
"Mn-II";"II";123.527;3.418399;13.45536;1e+08;11;9
"Mn-II";"II";123.546;3.419929;13.45536;6e+08;9;9
"Mn-II";"II";123.579;3.419929;13.45272;2e+08;9;7
"Mn-II";"II";123.587;3.420542;13.45272;5.5e+08;7;7
"Mn-II";"II";123.615;3.420645;13.45054;7e+08;5;5
"Mn-II";"II";125.068;1.1745014;11.08783;2e+08;5;7
"Mn-II";"II";125.337;3.7095383;13.601654;4e+08;5;5
"Mn-II";"II";125.441;3.7058299;13.58971;3.1e+08;7;9
"Mn-II";"II";125.696;3.7095383;13.573368;2e+08;5;7
"Mn-II";"II";125.956;3.7135045;13.55692;3e+08;3;5
"Mn-II";"II";126.445;3.7058299;13.51122;3e+08;7;5
"Mn-II";"II";127.597;4.0651815;13.78216;3.8e+08;9;11
"Mn-II";"II";127.597;4.0651815;13.782;1e+08;9;9
"Mn-II";"II";127.712;4.073782;13.782;2e+08;7;9
"Mn-II";"II";127.782;4.073782;13.77662;2e+08;7;7
"Mn-II";"II";127.782;4.0740154;13.77662;2e+08;5;7
"Mn-II";"II";130.563;4.0651815;13.56132;2e+08;9;7
"Mn-II";"II";140.951;5.105994;13.90214;2.8e+08;15;13
"Mn-II";"II";141.515;5.106975;13.868177;2.9e+08;13;11
"Mn-II";"II";141.575;5.105994;13.863479;1.2e+08;15;15
"Mn-II";"II";141.813;5.108692;13.851515;2.4e+08;11;9
"Mn-II";"II";142.554;5.106975;13.804301;1.2e+08;13;13
"Mn-II";"II";143.105;5.108692;13.772604;1e+08;11;11
"Mn-II";"II";143.278;5.3968661;14.05029;1.8e+08;11;13
"Mn-II";"II";143.444;5.3979231;14.04133;1e+08;9;11
"Mn-II";"II";145.497;5.5199674;14.04141;2.5e+08;9;7
"Mn-II";"II";146.457;1.776181;10.241756;1e+08;9;9
"Mn-II";"II";146.803;1.8094049;10.255052;1e+08;7;7
"Mn-II";"II";147.859;5.3968661;13.78216;9e+07;11;11
"Mn-II";"II";147.879;5.3979231;13.782;8e+07;9;9
"Mn-II";"II";148.369;1.8094049;10.165942;7e+07;7;9
"Mn-II";"II";149.475;5.3968661;13.69148;1e+08;11;9
"Mn-II";"II";149.995;5.3979231;13.663753;1e+08;9;7
"Mn-II";"II";152.314;6.005305;14.145444;2.3e+08;13;11
"Mn-II";"II";152.455;5.992538;14.12506;2e+08;11;9
"Mn-II";"II";152.776;5.990647;14.10613;1.1e+08;9;7
"Mn-II";"II";153.707;5.3968661;13.463147;5e+07;11;13
"Mn-II";"II";153.814;5.3979231;13.45863;6e+07;9;11
"Mn-II";"II";154.863;6.139411;14.145444;6e+07;11;11
"Mn-II";"II";156.49;4.1097923;12.032622;1.6e+08;11;9
"Mn-II";"II";156.647;3.415425;11.330293;2.6e+08;13;11
"Mn-II";"II";157.005;6.005305;13.90214;1e+08;13;13
"Mn-II";"II";157.353;4.122308;12.001694;1.8e+08;9;7
"Mn-II";"II";157.428;5.992538;13.868177;9e+07;11;11
"Mn-II";"II";157.564;3.418399;11.287247;2.3e+08;11;9
"Mn-II";"II";157.575;4.6929866;12.5612;9e+07;7;7
"Mn-II";"II";157.722;5.990647;13.851515;7e+07;9;9
"Mn-II";"II";157.777;6.005305;13.863479;4e+07;13;15
"Mn-II";"II";157.89;4.1260367;11.978601;2e+08;7;5
"Mn-II";"II";158.223;3.419929;11.256029;2.2e+08;9;7
"Mn-II";"II";158.715;5.992538;13.804301;4e+07;11;13
"Mn-II";"II";158.746;3.420542;11.230805;2e+08;7;5
"Mn-II";"II";159.057;3.420645;11.215622;3e+08;5;3
"Mn-II";"II";159.322;5.990647;13.772604;5e+07;9;11
"Mn-II";"II";160.21;4.0651815;11.804098;1e+08;9;9
"Mn-II";"II";160.547;4.3099509;12.032622;2.2e+08;11;9
"Mn-II";"II";161.579;4.3283838;12.001694;1.9e+08;9;7
"Mn-II";"II";162.314;4.3400408;11.978601;2e+08;7;5
"Mn-II";"II";162.984;4.7787381;12.3859168;7e+07;7;9
"Mn-II";"II";162.994;4.7787381;12.3854376;7e+07;7;7
"Mn-II";"II";163.675;4.8114165;12.3865529;1.1e+08;9;11
"Mn-II";"II";167.863;1.1745014;8.5604778;1100000;5;5
"Mn-II";"II";167.955;3.7058299;11.08783;1e+08;7;7
"Mn-II";"II";170.827;3.784458;11.042366;1.4e+08;13;11
"Mn-II";"II";171.183;3.803774;11.046563;1.5e+08;11;9
"Mn-II";"II";171.438;3.818225;11.050227;1.8e+08;9;7
"Mn-II";"II";172.529;6.9055496;14.091879;9e+07;9;11
"Mn-II";"II";173.355;1.776181;8.928232;1.7e+08;9;9
"Mn-II";"II";174.486;5.3772613;12.483049;1.3e+08;7;9
"Mn-II";"II";181.387;6.8114703;13.646808;2.6e+08;3;5
"Mn-II";"II";181.524;6.8335544;13.663753;2.4e+08;5;7
"Mn-II";"II";181.628;6.865215;13.69148;1.6e+08;7;9
"Mn-II";"II";181.753;3.784458;10.606022;8e+07;13;11
"Mn-II";"II";182.221;6.8335544;13.637626;3.7e+08;5;3
"Mn-II";"II";182.369;6.865215;13.663753;3.4e+08;7;7
"Mn-II";"II";182.708;6.9055496;13.69148;6.5e+08;9;9
"Mn-II";"II";182.825;6.865215;13.646808;3e+08;7;5
"Mn-II";"II";183.457;6.9055496;13.663753;1.8e+08;9;7
"Mn-II";"II";183.651;1.8094049;8.5604778;3300000;7;5
"Mn-II";"II";183.713;4.1097923;10.858578;9e+07;11;9
"Mn-II";"II";184.286;1.8326359;8.5604778;4200000;5;5
"Mn-II";"II";184.693;1.8475137;8.5604778;1200000;3;5
"Mn-II";"II";184.773;3.784458;10.494511;1e+08;13;13
"Mn-II";"II";184.773;6.8335544;13.543468;3e+08;5;3
"Mn-II";"II";184.816;6.8114703;13.52001;1.5e+08;3;5
"Mn-II";"II";184.826;6.865215;13.573368;2.3e+08;7;7
"Mn-II";"II";185.088;3.907326;10.606022;1e+08;9;11
"Mn-II";"II";185.161;6.8335544;13.529544;1.2e+08;5;7
"Mn-II";"II";185.278;6.865215;13.55692;1.7e+08;7;5
"Mn-II";"II";185.327;1.776181;8.4662193;1.8e+08;9;7
"Mn-II";"II";185.489;6.9055496;13.58971;2.3e+08;9;9
"Mn-II";"II";185.67;6.8335544;13.51122;1.7e+08;5;5
"Mn-II";"II";185.701;6.865215;13.541777;2.1e+08;7;9
"Mn-II";"II";186.051;3.803774;10.467761;7e+07;11;11
"Mn-II";"II";186.28;6.9055496;13.56132;2.5e+08;9;7
"Mn-II";"II";186.462;6.9055496;13.554876;2.6e+08;9;11
"Mn-II";"II";186.552;6.865215;13.51122;2.3e+08;7;5
"Mn-II";"II";189.748;1.8094049;8.3435719;4600000;7;9
"Mn-II";"II";189.812;1.776181;8.3080841;1700000;9;7
"Mn-II";"II";190.295;3.703336;10.218716;1.8e+08;5;7
"Mn-II";"II";190.784;1.8094049;8.3080841;13200000;7;7
"Mn-II";"II";190.891;3.80445;10.299481;1.6e+08;3;5
"Mn-II";"II";190.983;1.776181;8.2681019;4200000;9;7
"Mn-II";"II";191.141;1.776181;8.2627156;7.9e+07;9;9
"Mn-II";"II";191.468;1.8326359;8.3080841;21200000;5;7
"Mn-II";"II";191.51;1.776181;8.2502234;1.17e+08;9;11
"Mn-II";"II";191.864;1.8326359;8.2947281;21800000;5;5
"Mn-II";"II";191.891;1.8326359;8.2938151;6500000;5;3
"Mn-II";"II";191.964;1.8094049;8.2681019;23800000;7;7
"Mn-II";"II";192.003;1.8094049;8.2668737;6.9e+07;7;5
"Mn-II";"II";192.125;1.8094049;8.2627156;1.87e+08;7;9
"Mn-II";"II";192.307;1.8475137;8.2947281;24800000;3;5
"Mn-II";"II";192.334;1.8475137;8.2938151;5.3e+07;3;3
"Mn-II";"II";192.496;5.347626;11.788506;2.6e+08;5;3
"Mn-II";"II";192.552;1.8547882;8.2938151;5.1e+07;1;3
"Mn-II";"II";192.659;1.8326359;8.2681019;5.1e+07;5;7
"Mn-II";"II";192.695;1.8326359;8.2668737;1.7e+07;5;5
"Mn-II";"II";192.815;1.8326359;8.2629413;3400000;5;3
"Mn-II";"II";193.045;6.865215;13.2878;1.2e+08;7;7
"Mn-II";"II";193.14;1.8475137;8.2668737;2.8e+07;3;5
"Mn-II";"II";193.26;1.8475137;8.2629413;3700000;3;3
"Mn-II";"II";193.478;1.8547882;8.2629413;4300000;1;3
"Mn-II";"II";193.507;5.3968661;11.804098;1.8e+08;11;9
"Mn-II";"II";193.674;6.8335544;13.2353;1.7e+08;5;5
"Mn-II";"II";194.266;6.9055496;13.2878;3.5e+08;9;7
"Mn-II";"II";194.354;5.3979231;11.77723;1.5e+08;9;7
"Mn-II";"II";194.416;6.8114703;13.188726;4.2e+08;3;5
"Mn-II";"II";194.436;6.1846056;12.5612;1.7e+08;9;7
"Mn-II";"II";194.477;6.8000707;13.17527;3.6e+08;1;3
"Mn-II";"II";194.515;6.8335544;13.20762;4.7e+08;5;7
"Mn-II";"II";194.634;6.865215;13.2353;2.2e+08;7;5
"Mn-II";"II";194.793;6.865215;13.230117;5e+08;7;9
"Mn-II";"II";194.828;6.8114703;13.17527;3.4e+08;3;3
"Mn-II";"II";195.014;3.703336;10.06104;1.4e+08;5;5
"Mn-II";"II";195.092;6.8335544;13.188726;2.6e+08;5;5
"Mn-II";"II";195.323;6.9055496;13.25319;5.2e+08;9;11
"Mn-II";"II";195.335;6.1855626;12.532844;1.5e+08;7;5
"Mn-II";"II";195.481;6.865215;13.20762;1.8e+08;7;7
"Mn-II";"II";195.893;4.823218;11.152425;1e+08;9;7
"Mn-II";"II";195.925;4.8007;11.128858;3.9e+08;13;11
"Mn-II";"II";196.037;6.9055496;13.230117;9e+07;9;9
"Mn-II";"II";196.924;4.3099509;10.606022;7e+07;11;11
"Mn-II";"II";199.423;3.907326;10.124509;1.2e+08;9;7
"Mn-II";"II";200.191;7.3817036;13.573036;1.8e+08;9;9
"Mn-II";"II";203.731;3.784458;9.868202;1.4e+08;13;13
"Mn-II";"II";203.764;3.803774;9.886494;1.2e+08;11;11
"Mn-II";"II";203.997;3.818225;9.894015;1.2e+08;9;9
"Mn-II";"II";207.621;4.8007;10.770438;1.2e+08;13;13
"Mn-II";"II";208.476;3.784458;9.729718;4.2e+07;13;15
"Mn-II";"II";208.891;5.3968661;11.330293;7e+07;11;11
"Mn-II";"II";209.746;3.803774;9.713014;4.6e+07;11;13
"Mn-II";"II";210.25;4.823218;10.718347;9e+07;9;9
"Mn-II";"II";211.396;3.818225;9.681338;5.3e+07;9;11
"Mn-II";"II";211.94;6.1846056;12.032622;7e+07;9;9
"Mn-II";"II";211.978;4.823218;10.670303;1.3e+08;9;7
"Mn-II";"II";213.345;4.823218;10.632812;8e+07;9;9
"Mn-II";"II";222.994;4.3099509;9.868202;4.8e+07;11;13
"Mn-II";"II";222.999;4.3283838;9.886494;4.9e+07;9;11
"Mn-II";"II";223.166;4.3400408;9.894015;5.3e+07;7;9
"Mn-II";"II";230.5;0;5.3772613;1460000;7;7
"Mn-II";"II";232.042;4.8007;10.142318;1.2e+08;13;13
"Mn-II";"II";233.214;6.005305;11.320013;4.8e+07;13;11
"Mn-II";"II";233.323;5.992538;11.304743;4.5e+07;11;9
"Mn-II";"II";236.691;5.347626;10.584292;1e+08;5;5
"Mn-II";"II";237.336;3.7058299;8.928232;7e+07;7;9
"Mn-II";"II";239.729;7.991615;13.161897;3.3e+08;5;7
"Mn-II";"II";239.787;7.9936854;13.162709;3e+08;7;9
"Mn-II";"II";239.824;7.9936854;13.161897;8e+07;7;7
"Mn-II";"II";239.879;7.996254;13.163287;2.9e+08;9;11
"Mn-II";"II";239.906;7.996254;13.162709;1e+08;9;9
"Mn-II";"II";240.015;7.999323;13.163433;3.1e+08;11;13
"Mn-II";"II";240.022;7.999323;13.163287;9e+07;11;11
"Mn-II";"II";240.196;8.003185;13.163433;7e+07;13;13
"Mn-II";"II";240.208;8.003185;13.163152;3.5e+08;13;15
"Mn-II";"II";242.738;4.7568065;9.863005;1.7e+08;5;7
"Mn-II";"II";242.772;4.7568065;9.862287;4e+08;5;5
"Mn-II";"II";242.794;4.7568065;9.861818;6e+08;5;3
"Mn-II";"II";243.654;8.118872;13.205869;5.7e+08;7;9
"Mn-II";"II";243.737;4.7787381;9.864004;3.7e+08;7;9
"Mn-II";"II";243.784;4.7787381;9.863005;3.7e+08;7;7
"Mn-II";"II";243.819;4.7787381;9.862287;2e+08;7;5
"Mn-II";"II";244.045;6.391771;11.470606;8e+07;11;9
"Mn-II";"II";244.106;8.129152;13.206735;5.6e+08;9;11
"Mn-II";"II";244.147;8.129152;13.205869;3.9e+07;9;9
"Mn-II";"II";244.638;8.140635;13.207145;5.6e+08;11;13
"Mn-II";"II";244.659;8.140635;13.206735;4.3e+07;11;11
"Mn-II";"II";244.974;5.990647;11.050227;5.2e+07;9;7
"Mn-II";"II";245.216;8.152559;13.207145;3.5e+07;13;13
"Mn-II";"II";245.233;8.152559;13.20682;5.8e+08;13;15
"Mn-II";"II";245.249;4.8114165;9.865326;5.9e+08;9;11
"Mn-II";"II";245.313;4.8114165;9.864004;2.2e+08;9;9
"Mn-II";"II";245.362;4.8114165;9.863005;5.2e+07;9;7
"Mn-II";"II";245.779;8.118872;13.161897;1.8e+08;7;7
"Mn-II";"II";245.858;8.163991;13.205391;6e+08;15;17
"Mn-II";"II";245.873;6.1113498;11.152425;6e+07;7;7
"Mn-II";"II";246.213;8.129152;13.163287;3.8e+07;9;11
"Mn-II";"II";246.241;8.129152;13.162709;1.6e+08;9;9
"Mn-II";"II";246.621;4.1097923;9.1355822;5.2e+07;11;9
"Mn-II";"II";246.642;4.122308;9.1476927;4.6e+07;9;7
"Mn-II";"II";246.768;8.140635;13.163433;3.4e+07;11;13
"Mn-II";"II";246.776;8.140635;13.163287;1.6e+08;11;11
"Mn-II";"II";247.285;4.8007;9.813005;3.4e+07;13;15
"Mn-II";"II";247.356;8.152559;13.163433;1.8e+08;13;13
"Mn-II";"II";247.369;8.152559;13.163152;2.1e+07;13;15
"Mn-II";"II";247.935;8.163991;13.163152;2.3e+08;15;15
"Mn-II";"II";248.096;3.418399;8.4143048;1400000;11;9
"Mn-II";"II";248.616;4.823218;9.8087148;5.3e+07;9;11
"Mn-II";"II";248.842;6.1113498;11.092293;6e+07;7;9
"Mn-II";"II";249.091;3.784458;8.7604253;2.7e+07;13;11
"Mn-II";"II";249.9;3.784458;8.7443092;7e+07;13;11
"Mn-II";"II";250.76;3.803774;8.7466314;3.2e+07;11;9
"Mn-II";"II";250.781;6.5281805;11.470606;7e+07;9;9
"Mn-II";"II";251.42;6.005305;10.935178;1.08e+08;13;13
"Mn-II";"II";251.66;3.418399;8.3435719;8700000;11;9
"Mn-II";"II";251.674;3.818225;8.7431251;1e+08;9;7
"Mn-II";"II";251.738;3.419929;8.3435719;1900000;9;9
"Mn-II";"II";251.818;6.494761;11.416848;2.3e+08;9;7
"Mn-II";"II";252.01;6.128213;11.046563;1.1e+08;9;9
"Mn-II";"II";252.025;6.4934578;11.411498;2.1e+08;7;5
"Mn-II";"II";252.052;5.992538;10.910053;1e+08;11;11
"Mn-II";"II";252.062;6.132897;11.050227;9e+07;7;7
"Mn-II";"II";252.301;5.990647;10.903312;1e+08;9;9
"Mn-II";"II";252.801;6.139411;11.042366;1.3e+08;11;11
"Mn-II";"II";253.278;4.0712369;8.964954;9e+07;3;5
"Mn-II";"II";253.333;4.0740154;8.966664;1.1e+08;5;3
"Mn-II";"II";253.422;4.0740154;8.964954;1e+08;5;5
"Mn-II";"II";253.504;5.3803433;10.2697054;3.6e+07;7;9
"Mn-II";"II";253.566;3.419929;8.3080841;46700000;9;7
"Mn-II";"II";253.598;3.420542;8.3080841;13400000;7;7
"Mn-II";"II";253.792;4.073782;8.9575769;1.6e+08;7;7
"Mn-II";"II";253.804;4.0740154;8.9575769;6e+07;5;7
"Mn-II";"II";254.292;3.420542;8.2947281;8.5e+07;7;5
"Mn-II";"II";254.345;3.420645;8.2938151;2.5e+08;5;3
"Mn-II";"II";254.67;6.139411;11.006369;2.8e+07;11;11
"Mn-II";"II";254.837;5.836388;10.700161;4.5e+07;7;7
"Mn-II";"II";254.875;4.0651815;8.928232;1.9e+08;9;9
"Mn-II";"II";254.932;6.1846056;11.046563;3.3e+07;9;9
"Mn-II";"II";254.982;6.1855626;11.046563;3.8e+07;7;9
"Mn-II";"II";255.153;6.1846056;11.042366;5.5e+07;9;11
"Mn-II";"II";255.185;3.703336;8.5604778;6.4e+07;5;5
"Mn-II";"II";255.185;5.3979231;10.255052;5e+07;9;7
"Mn-II";"II";255.316;3.7058299;8.5604778;1.5e+07;7;5
"Mn-II";"II";255.452;5.4176404;10.2697054;3.3e+07;7;9
"Mn-II";"II";255.657;3.419929;8.2681019;1.42e+08;9;7
"Mn-II";"II";255.689;3.420542;8.2681019;3.9e+07;7;7
"Mn-II";"II";255.695;3.420645;8.2681019;3100000;5;7
"Mn-II";"II";255.72;3.7135045;8.5604778;2800000;3;5
"Mn-II";"II";255.754;3.420542;8.2668737;9.2e+07;7;5
"Mn-II";"II";255.759;3.420645;8.2668737;5e+07;5;5
"Mn-II";"II";255.83;5.3968661;10.241756;8e+07;11;9
"Mn-II";"II";255.86;3.418399;8.2627156;2e+08;11;9
"Mn-II";"II";255.886;5.3979231;10.241756;1.2e+08;9;9
"Mn-II";"II";255.941;3.419929;8.2627156;4.4e+07;9;9
"Mn-II";"II";255.968;3.420645;8.2629413;2.2e+07;5;3
"Mn-II";"II";255.974;3.420542;8.2627156;10700000;7;9
"Mn-II";"II";256.226;5.4176404;10.255052;1e+08;7;7
"Mn-II";"II";256.364;3.415425;8.2502234;2.17e+08;13;11
"Mn-II";"II";256.384;5.3803433;10.214763;6e+07;7;7
"Mn-II";"II";256.412;5.836388;10.670303;6e+07;7;7
"Mn-II";"II";256.522;3.418399;8.2502234;25200000;11;11
"Mn-II";"II";256.604;3.419929;8.2502234;2e+06;9;11
"Mn-II";"II";256.872;6.494761;11.320013;2.2e+08;9;11
"Mn-II";"II";257.092;5.4367494;10.257866;9e+07;5;5
"Mn-II";"II";257.095;3.925593;8.7466314;9500000;7;9
"Mn-II";"II";257.243;5.4367494;10.255052;4.9e+07;5;7
"Mn-II";"II";257.61;0;4.8114165;2.8e+08;7;9
"Mn-II";"II";257.618;6.4934578;11.304743;2.1e+08;7;9
"Mn-II";"II";257.828;5.3772613;10.1846328;1.7e+08;7;7
"Mn-II";"II";257.881;5.3772613;10.183626;5e+08;7;9
"Mn-II";"II";258.297;5.3968661;10.195481;1.7e+08;11;11
"Mn-II";"II";258.354;5.3979231;10.195481;6e+07;9;11
"Mn-II";"II";258.451;6.139411;10.935178;1.3e+08;11;13
"Mn-II";"II";258.513;5.3914112;10.1860433;1.3e+08;5;3
"Mn-II";"II";258.544;5.3914112;10.1854621;2.9e+08;5;5
"Mn-II";"II";258.589;5.3914112;10.1846328;3.3e+08;5;7
"Mn-II";"II";258.73;6.494219;11.284827;2e+08;5;7
"Mn-II";"II";258.897;5.3968661;10.184367;2.8e+08;11;13
"Mn-II";"II";258.973;4.0651815;8.8512924;2e+08;9;7
"Mn-II";"II";258.982;5.4004014;10.1863424;5e+08;3;1
"Mn-II";"II";258.999;5.4004014;10.1860433;3.7e+08;3;3
"Mn-II";"II";259.015;5.4725424;10.257866;8e+07;3;5
"Mn-II";"II";259.015;5.108692;9.894015;2.5e+08;11;9
"Mn-II";"II";259.03;5.4004014;10.1854621;1.7e+08;3;5
"Mn-II";"II";259.067;5.3968661;10.181238;2.7e+07;11;11
"Mn-II";"II";259.124;5.3979231;10.181238;1.9e+08;9;11
"Mn-II";"II";259.143;3.7095383;8.4925077;1.4e+08;5;3
"Mn-II";"II";259.204;6.128213;10.910053;1.4e+08;9;11
"Mn-II";"II";259.33;5.106975;9.886494;2.3e+08;13;11
"Mn-II";"II";259.372;0;4.7787381;2.76e+08;7;7
"Mn-II";"II";259.565;5.3979231;10.173108;1e+08;9;7
"Mn-II";"II";259.758;6.6451983;11.416848;4.2e+07;5;7
"Mn-II";"II";259.825;6.132897;10.903312;1.2e+08;7;9
"Mn-II";"II";259.881;5.3803433;10.14972;4.3e+07;7;9
"Mn-II";"II";259.89;4.073782;8.842999;1.6e+08;7;5
"Mn-II";"II";259.89;3.7135045;8.4827133;1.4e+08;3;5
"Mn-II";"II";259.903;5.815271;10.584292;9e+07;5;5
"Mn-II";"II";259.955;5.3979231;10.165942;4.2e+07;9;9
"Mn-II";"II";260.184;6.9132748;11.67711;2.9e+08;7;7
"Mn-II";"II";260.199;5.3699198;10.133479;2e+08;3;3
"Mn-II";"II";260.272;5.105994;9.868202;2.3e+08;15;13
"Mn-II";"II";260.304;4.0740154;8.835658;1e+08;5;3
"Mn-II";"II";260.327;5.106975;9.868202;2.1e+07;13;13
"Mn-II";"II";260.372;3.7058299;8.4662193;1.2e+08;7;7
"Mn-II";"II";260.386;6.132897;10.893063;1e+08;7;5
"Mn-II";"II";260.432;5.4367494;10.196076;1.4e+08;5;3
"Mn-II";"II";260.568;0;4.7568065;2.69e+08;7;5
"Mn-II";"II";260.612;3.80445;8.5604778;25400000;3;5
"Mn-II";"II";260.626;5.3968661;10.152616;4.4e+07;11;11
"Mn-II";"II";260.684;5.3979231;10.152616;2.7e+07;9;11
"Mn-II";"II";260.845;5.3979231;10.14972;7e+07;9;9
"Mn-II";"II";260.881;5.3734072;10.124509;1e+08;5;7
"Mn-II";"II";260.956;5.5199674;10.2697054;1.3e+08;9;9
"Mn-II";"II";261.02;3.415425;8.163991;3e+08;13;15
"Mn-II";"II";261.058;5.836388;10.584292;1.4e+08;7;5
"Mn-II";"II";261.085;6.128213;10.875604;1e+08;9;7
"Mn-II";"II";261.263;5.3803433;10.124509;9e+07;7;7
"Mn-II";"II";261.652;6.391771;11.128858;1.14e+08;11;11
"Mn-II";"II";261.815;3.418399;8.152559;2.9e+08;11;13
"Mn-II";"II";261.892;5.5477351;10.280496;1.5e+08;5;5
"Mn-II";"II";261.9;5.566872;10.299481;2.1e+08;7;5
"Mn-II";"II";261.931;5.4176404;10.14972;1.4e+08;7;9
"Mn-II";"II";262.31;3.415425;8.140635;1300000;13;11
"Mn-II";"II";262.476;3.418399;8.140635;11600000;11;11
"Mn-II";"II";262.496;5.4176404;10.139518;6e+07;7;7
"Mn-II";"II";262.561;3.419929;8.140635;2.6e+08;9;11
"Mn-II";"II";262.647;6.139411;10.858578;1.4e+08;11;9
"Mn-II";"II";262.706;5.4725424;10.190647;8e+07;3;5
"Mn-II";"II";262.829;5.566872;10.282765;1.8e+08;7;7
"Mn-II";"II";262.85;8.1292795;12.84478;2.6e+08;5;5
"Mn-II";"II";262.877;5.5477351;10.262768;1.3e+08;5;3
"Mn-II";"II";263.201;5.3734072;10.0827;1.8e+08;5;3
"Mn-II";"II";263.235;3.420542;8.129152;2.7e+08;7;9
"Mn-II";"II";263.56;5.566872;10.2697054;3.2e+07;7;9
"Mn-II";"II";263.56;5.4367494;10.139518;1.2e+08;5;7
"Mn-II";"II";263.789;5.5199674;10.218716;2.2e+08;9;7
"Mn-II";"II";263.817;3.420645;8.118872;2.7e+08;5;7
"Mn-II";"II";263.985;4.0651815;8.7604253;1.9e+08;9;11
"Mn-II";"II";264.224;6.1846056;10.875604;3.9e+07;9;7
"Mn-II";"II";264.277;6.1855626;10.875604;4.3e+07;7;7
"Mn-II";"II";264.762;4.0651815;8.7466314;6100000;9;9
"Mn-II";"II";264.806;5.3803433;10.06104;1.9e+08;7;5
"Mn-II";"II";264.894;4.0651815;8.7443092;7e+07;9;11
"Mn-II";"II";265.104;4.0651815;8.740612;3.6e+07;9;9
"Mn-II";"II";265.187;6.1846056;10.858578;6e+07;9;9
"Mn-II";"II";265.25;4.073782;8.7466314;4.3e+07;7;9
"Mn-II";"II";265.582;5.5477351;10.214763;8e+07;5;7
"Mn-II";"II";265.592;4.073782;8.740612;2.1e+08;7;9
"Mn-II";"II";265.617;4.4974797;9.163867;2e+08;5;3
"Mn-II";"II";265.909;5.5199674;10.181238;6e+07;9;11
"Mn-II";"II";266.254;4.5086407;9.163867;9e+07;3;3
"Mn-II";"II";266.677;5.494392;10.142318;2.6e+08;13;13
"Mn-II";"II";266.689;4.073782;8.7214125;6e+07;7;7
"Mn-II";"II";266.703;4.0740154;8.7214125;1.8e+08;5;7
"Mn-II";"II";267.181;5.990647;10.629742;7e+07;9;7
"Mn-II";"II";267.181;6.494761;11.133824;1.3e+08;9;9
"Mn-II";"II";267.258;3.7058299;8.3435719;1.98e+08;7;9
"Mn-II";"II";267.31;4.1097923;8.7466314;3500000;11;9
"Mn-II";"II";267.338;4.0712369;8.7075923;1.5e+08;3;5
"Mn-II";"II";267.444;4.1097923;8.7443092;3.3e+07;11;11
"Mn-II";"II";267.476;6.005305;10.639274;2.7e+08;13;15
"Mn-II";"II";267.498;4.0740154;8.7075923;9e+07;5;5
"Mn-II";"II";267.552;5.815271;10.447926;2.2e+08;5;3
"Mn-II";"II";267.552;5.5199674;10.152616;1.8e+08;9;11
"Mn-II";"II";267.725;5.992538;10.622199;9e+07;11;9
"Mn-II";"II";267.785;4.068968;8.697586;1.2e+08;1;3
"Mn-II";"II";267.917;4.0712369;8.697586;1.1e+08;3;3
"Mn-II";"II";267.995;5.992538;10.617532;2.3e+08;11;13
"Mn-II";"II";268.034;4.122308;8.7466314;4.1e+07;9;9
"Mn-II";"II";268.038;6.5281805;11.152425;2e+08;9;7
"Mn-II";"II";268.068;5.105994;9.729718;1.4e+08;15;15
"Mn-II";"II";268.125;5.106975;9.729718;1.21e+08;13;15
"Mn-II";"II";268.454;4.1260367;8.7431251;8e+07;7;7
"Mn-II";"II";268.588;3.784458;8.39924;3.2e+07;13;13
"Mn-II";"II";268.598;6.391771;11.006369;1.01e+08;11;11
"Mn-II";"II";268.737;5.566872;10.179101;1.5e+08;7;9
"Mn-II";"II";268.746;6.4934578;11.10552;1.2e+08;7;7
"Mn-II";"II";268.979;3.803774;8.4118617;3.2e+07;11;11
"Mn-II";"II";269.098;5.106975;9.713014;1.5e+08;13;13
"Mn-II";"II";269.172;6.494219;11.098994;1.1e+08;5;5
"Mn-II";"II";269.198;5.108692;9.713014;9.5e+07;11;13
"Mn-II";"II";269.245;5.990647;10.594172;2.3e+08;9;11
"Mn-II";"II";269.319;3.7058299;8.3080841;9.4e+07;7;7
"Mn-II";"II";269.357;3.818225;8.4198363;15400000;9;9
"Mn-II";"II";269.41;6.005305;10.606022;1.07e+08;13;11
"Mn-II";"II";269.41;6.5281805;11.128858;1.08e+08;9;11
"Mn-II";"II";269.536;3.7095383;8.3080841;6.8e+07;5;7
"Mn-II";"II";269.873;7.991615;12.584428;9e+07;5;5
"Mn-II";"II";269.899;3.7058299;8.2982025;1.3e+08;7;5
"Mn-II";"II";269.985;7.9936854;12.5845971;9e+07;7;7
"Mn-II";"II";270.102;3.7058299;8.2947281;8e+07;7;5
"Mn-II";"II";270.117;3.7095383;8.2982025;9e+07;5;5
"Mn-II";"II";270.153;7.996254;12.5843081;9e+07;9;9
"Mn-II";"II";270.17;3.415425;8.003185;2.6e+08;13;13
"Mn-II";"II";270.298;7.052638;11.638211;8e+07;3;3
"Mn-II";"II";270.322;3.7095383;8.2947281;28400000;5;5
"Mn-II";"II";270.376;3.7095383;8.2938151;6600000;5;3
"Mn-II";"II";270.398;3.415425;7.999323;2.9e+07;13;11
"Mn-II";"II";270.404;7.999323;12.583107;1.03e+08;11;11
"Mn-II";"II";270.556;3.7135045;8.2947281;4.1e+07;3;5
"Mn-II";"II";270.573;3.418399;7.999323;2.3e+08;11;11
"Mn-II";"II";270.609;3.7135045;8.2938151;13500000;3;3
"Mn-II";"II";270.754;3.418399;7.996254;4.3e+07;11;9
"Mn-II";"II";270.792;8.003185;12.580425;1.17e+08;13;13
"Mn-II";"II";270.845;3.419929;7.996254;1.67e+08;9;9
"Mn-II";"II";270.881;3.420542;7.996254;10800000;7;9
"Mn-II";"II";270.997;3.419929;7.9936854;6e+07;9;7
"Mn-II";"II";271.034;3.420542;7.9936854;1.9e+08;7;7
"Mn-II";"II";271.063;5.108692;9.681338;2.1e+08;11;11
"Mn-II";"II";271.112;8.2982025;12.870021;4.3e+07;5;7
"Mn-II";"II";271.157;3.420542;7.991615;4.9e+07;7;5
"Mn-II";"II";271.163;3.420645;7.991615;2.1e+08;5;5
"Mn-II";"II";271.458;8.3080841;12.874077;5.3e+07;7;5
"Mn-II";"II";271.474;9.007311;13.573036;2e+08;9;9
"Mn-II";"II";271.57;6.5281805;11.092293;5.4e+07;9;9
"Mn-II";"II";271.68;3.7058299;8.2681019;29200000;7;7
"Mn-II";"II";271.699;8.3080841;12.870021;4.9e+07;7;7
"Mn-II";"II";271.753;3.7058299;8.2668737;2e+07;7;5
"Mn-II";"II";271.901;3.7095383;8.2681019;27700000;5;7
"Mn-II";"II";271.931;5.105994;9.664041;1.08e+08;15;15
"Mn-II";"II";271.974;3.7095383;8.2668737;8e+07;5;5
"Mn-II";"II";271.974;6.9132748;11.470606;1.14e+08;7;9
"Mn-II";"II";271.99;5.106975;9.664041;1.5e+08;13;15
"Mn-II";"II";272.166;8.7075923;13.261704;1.1e+08;5;3
"Mn-II";"II";272.21;3.7095383;8.2629413;1.56e+08;5;3
"Mn-II";"II";272.21;3.7135045;8.2668737;10700000;3;5
"Mn-II";"II";272.446;3.7135045;8.2629413;1.63e+08;3;3
"Mn-II";"II";272.758;5.106975;9.651194;8.4e+07;13;13
"Mn-II";"II";272.808;6.391771;10.935178;2.5e+07;11;13
"Mn-II";"II";272.862;5.108692;9.651194;1.8e+08;11;13
"Mn-II";"II";272.862;5.105994;9.6485;2.7e+08;15;17
"Mn-II";"II";272.961;8.7214125;13.262261;1.1e+08;7;5
"Mn-II";"II";273.389;6.1846056;10.718347;4.9e+07;9;9
"Mn-II";"II";273.702;6.128213;10.656775;7e+07;9;7
"Mn-II";"II";273.712;6.132897;10.661302;8e+07;7;5
"Mn-II";"II";273.757;5.3803433;9.907991;1.13e+08;7;9
"Mn-II";"II";273.83;8.3435719;12.870021;1.2e+08;9;7
"Mn-II";"II";274.022;7.052638;11.57588;1.3e+08;3;3
"Mn-II";"II";274.079;5.5477351;10.070075;1e+08;5;7
"Mn-II";"II";274.247;8.740612;13.260181;1.3e+08;9;7
"Mn-II";"II";274.49;6.1846056;10.700161;4e+07;9;7
"Mn-II";"II";274.55;6.1855626;10.700161;5.2e+07;7;7
"Mn-II";"II";274.573;6.5281805;11.042366;2.5e+07;9;11
"Mn-II";"II";274.732;6.1769182;10.688497;1.7e+08;5;3
"Mn-II";"II";274.796;5.566872;10.0774071;3e+07;7;9
"Mn-II";"II";274.87;6.1769182;10.68623;1.1e+08;5;5
"Mn-II";"II";274.956;8.7443092;13.252204;4.1e+07;11;9
"Mn-II";"II";275.013;3.907326;8.4143048;19600000;9;9
"Mn-II";"II";275.346;6.128213;10.629742;3.3e+07;9;7
"Mn-II";"II";275.399;6.1855626;10.68623;5.3e+07;7;5
"Mn-II";"II";275.633;6.132897;10.629742;9e+07;7;7
"Mn-II";"II";275.808;6.128213;10.622199;7e+07;9;9
"Mn-II";"II";275.844;6.139411;10.632812;6e+07;11;9
"Mn-II";"II";275.943;8.7604253;13.252204;1.1e+08;11;9
"Mn-II";"II";276.101;6.005305;10.494511;1.4e+08;13;13
"Mn-II";"II";276.132;3.925593;8.4143048;1300000;7;9
"Mn-II";"II";276.209;4.7568065;9.2442843;9e+07;5;7
"Mn-II";"II";276.255;4.073782;8.5604778;5900000;7;5
"Mn-II";"II";276.365;5.3734072;9.858326;7e+07;5;7
"Mn-II";"II";276.376;6.1855626;10.670303;4.4e+07;7;7
"Mn-II";"II";276.565;5.3699198;9.851592;4.5e+07;3;5
"Mn-II";"II";276.781;6.5281805;11.006369;9.8e+07;9;11
"Mn-II";"II";276.781;6.139411;10.617532;3.4e+07;11;13
"Mn-II";"II";276.793;5.3803433;9.858326;7e+07;7;7
"Mn-II";"II";276.846;4.935624;9.4127696;1.9e+08;7;5
"Mn-II";"II";276.932;6.1855626;10.661302;9e+07;7;5
"Mn-II";"II";276.964;5.992538;10.467761;1.13e+08;11;11
"Mn-II";"II";277.153;6.1846056;10.656775;9e+07;9;7
"Mn-II";"II";277.498;6.139411;10.606022;9e+07;11;11
"Mn-II";"II";277.532;8.1292795;12.595346;2e+08;5;7
"Mn-II";"II";277.538;6.128213;10.594172;2.5e+07;9;11
"Mn-II";"II";277.565;8.118872;12.584428;1.7e+08;7;5
"Mn-II";"II";277.565;4.7787381;9.2442843;1.2e+08;7;7
"Mn-II";"II";277.613;8.5604778;13.025247;5.4e+07;5;5
"Mn-II";"II";277.738;6.6710717;11.133824;6e+07;9;9
"Mn-II";"II";277.778;5.990647;10.452761;8e+07;9;9
"Mn-II";"II";278.193;8.129152;12.5845971;1.6e+08;9;7
"Mn-II";"II";278.214;4.6925818;9.1476927;4.1e+07;5;7
"Mn-II";"II";278.421;4.9362771;9.3880779;1.6e+08;5;3
"Mn-II";"II";278.504;4.3099509;8.7604253;6e+07;11;11
"Mn-II";"II";278.646;6.1846056;10.632812;4.1e+07;9;9
"Mn-II";"II";278.93;8.140635;12.5843081;1.5e+08;11;9
"Mn-II";"II";278.998;4.6929866;9.1355822;4.3e+07;7;9
"Mn-II";"II";279.087;6.6577947;11.098994;6e+07;5;5
"Mn-II";"II";279.322;6.6680853;11.10552;5e+07;7;7
"Mn-II";"II";279.371;4.3099509;8.7466314;5300000;11;9
"Mn-II";"II";279.371;6.1855626;10.622199;2.7e+07;7;9
"Mn-II";"I";279.482;0;4.434911;3.7e+08;6;8
"Mn-II";"II";279.516;4.3099509;8.7443092;1.5e+08;11;11
"Mn-II";"II";279.612;4.8114165;9.2442843;1.6e+08;9;7
"Mn-II";"II";279.758;8.152559;12.583107;1.5e+08;13;11
"Mn-II";"I";279.827;0;4.429441;3.6e+08;6;6
"Mn-II";"I";280.106;0;4.424994;3.7e+08;6;4
"Mn-II";"II";280.335;6.1846056;10.606022;3.7e+07;9;11
"Mn-II";"II";280.536;4.3283838;8.7466314;7.1e+07;9;9
"Mn-II";"II";280.604;8.842999;13.260181;5.5e+07;5;7
"Mn-II";"II";280.652;8.163991;12.580425;1.5e+08;15;13
"Mn-II";"II";280.69;5.990647;10.406469;3.9e+07;9;7
"Mn-II";"II";280.981;5.992538;10.403814;3e+07;11;11
"Mn-II";"II";281.025;4.688076;9.0986455;1.1e+08;3;3
"Mn-II";"II";281.149;5.990647;10.399233;5.4e+07;9;9
"Mn-II";"II";281.197;8.4662193;12.874077;8e+07;7;5
"Mn-II";"II";281.226;4.6925818;9.0999856;1.1e+08;5;5
"Mn-II";"II";281.259;4.6929866;9.0998753;1.6e+08;7;7
"Mn-II";"II";281.271;5.992538;10.399233;3.4e+07;11;9
"Mn-II";"II";281.278;4.3400408;8.7466314;4e+06;7;9
"Mn-II";"II";281.456;8.4662193;12.870021;6e+07;7;7
"Mn-II";"II";281.502;4.3400408;8.7431251;1.6e+08;7;7
"Mn-II";"II";281.633;4.0651815;8.4662193;4.1e+07;9;7
"Mn-II";"II";281.641;8.8512924;13.252204;7e+07;7;9
"Mn-II";"II";281.732;5.815271;10.214763;6e+07;5;7
"Mn-II";"II";281.772;6.494219;10.893063;7e+07;5;5
"Mn-II";"II";281.794;6.005305;10.403814;3.9e+07;13;11
"Mn-II";"II";281.998;8.4827133;12.87805;1.1e+08;5;3
"Mn-II";"II";282.467;5.5199674;9.907991;8e+07;9;9
"Mn-II";"II";282.847;6.4934578;10.875604;5.2e+07;7;7
"Mn-II";"II";282.884;8.4925077;12.874077;4.2e+07;3;5
"Mn-II";"II";283.072;6.391771;10.770438;2e+08;11;13
"Mn-II";"II";284.036;6.494761;10.858578;4.5e+07;9;9
"Mn-II";"II";284.585;3.907326;8.2627156;4900000;9;9
"Mn-II";"II";284.604;6.139411;10.494511;8.8e+07;11;13
"Mn-II";"II";285.52;5.566872;9.907991;2.3e+07;7;9
"Mn-II";"II";285.624;6.128213;10.467761;3.1e+07;9;11
"Mn-II";"II";286.13;8.4020145;12.73388;7e+07;5;7
"Mn-II";"II";286.154;8.39924;12.730743;1.4e+08;13;11
"Mn-II";"II";286.239;8.2502234;12.580425;9.1e+07;11;13
"Mn-II";"II";286.48;6.391771;10.718347;3.4e+07;11;9
"Mn-II";"II";286.518;8.4076273;12.73363;7e+07;7;9
"Mn-II";"II";286.652;8.928232;13.252204;9e+07;9;9
"Mn-II";"II";286.799;8.4118617;12.73363;1.4e+08;11;9
"Mn-II";"II";286.89;8.2627156;12.583107;8e+07;9;11
"Mn-II";"II";286.962;6.9132748;11.232573;1.6e+08;7;5
"Mn-II";"II";287.009;5.494392;9.813005;2.3e+08;13;15
"Mn-II";"II";287.068;8.2668737;12.5845971;2.8e+07;5;7
"Mn-II";"II";287.153;8.4143048;12.730743;8e+07;9;11
"Mn-II";"II";287.168;8.2681019;12.5843081;6e+07;7;9
"Mn-II";"II";287.294;5.494392;9.8087148;1.6e+08;13;11
"Mn-II";"II";287.313;8.4198363;12.73388;1.4e+08;9;7
"Mn-II";"II";287.484;9.0999856;13.411472;6e+07;5;5
"Mn-II";"II";287.937;8.9575769;13.262261;4.3e+07;7;5
"Mn-II";"II";287.948;4.1097923;8.4143048;1.17e+08;11;9
"Mn-II";"II";287.985;4.5086407;8.812611;8e+07;3;3
"Mn-II";"II";288.041;9.0998753;13.403007;8e+07;7;7
"Mn-II";"II";288.076;8.9575769;13.260181;7e+07;7;7
"Mn-II";"II";288.382;4.4974797;8.7955095;5e+07;5;5
"Mn-II";"II";288.416;4.122308;8.4198363;4900000;9;9
"Mn-II";"II";288.431;8.964954;13.262261;4.5e+07;5;5
"Mn-II";"II";288.468;8.964954;13.261704;7e+07;5;3
"Mn-II";"II";288.513;4.516524;8.812611;1e+08;1;3
"Mn-II";"II";288.667;4.1260367;8.4198363;1.04e+08;7;9
"Mn-II";"II";288.789;4.122308;8.4143048;11500000;9;9
"Mn-II";"II";288.882;8.2938151;12.584428;6e+07;3;5
"Mn-II";"II";288.931;8.2947281;12.5845971;3.9e+07;5;7
"Mn-II";"II";288.952;4.122308;8.4118617;1.6e+08;9;11
"Mn-II";"II";288.96;4.1097923;8.39924;1.5e+08;11;13
"Mn-II";"II";289.133;4.5086407;8.7955095;1.3e+08;3;5
"Mn-II";"II";289.239;4.122308;8.4076273;1.4e+08;9;7
"Mn-II";"II";289.384;6.1846056;10.467761;7e+07;9;11
"Mn-II";"II";289.707;4.0651815;8.3435719;26600000;9;9
"Mn-II";"II";289.87;4.1260367;8.4020145;1.6e+08;7;5
"Mn-II";"II";289.896;6.128213;10.403814;5.3e+07;9;11
"Mn-II";"II";290.015;4.4974797;8.7713101;1.7e+08;5;7
"Mn-II";"II";290.29;4.073782;8.3435719;8100000;7;9
"Mn-II";"II";290.452;9.1355822;13.403007;1.4e+08;9;7
"Mn-II";"II";290.466;6.1855626;10.452761;9.5e+07;7;9
"Mn-II";"II";290.525;6.132897;10.399233;6e+07;7;9
"Mn-II";"II";290.699;9.1476927;13.411472;1.5e+08;7;5
"Mn-II";"II";290.721;9.148246;13.41172;1.6e+08;5;3
"Mn-II";"II";291.313;5.815271;10.070075;7e+07;5;7
"Mn-II";"II";291.372;8.7713101;13.025247;1.1e+08;7;5
"Mn-II";"II";292.13;4.0651815;8.3080841;1200000;9;7
"Mn-II";"II";292.259;5.836388;10.0774071;9.8e+07;7;9
"Mn-II";"II";292.723;4.073782;8.3080841;7100000;7;7
"Mn-II";"II";292.74;4.0740154;8.3080841;12500000;5;7
"Mn-II";"II";293.052;6.1769182;10.406469;1.4e+08;5;7
"Mn-II";"II";293.305;1.1745014;5.4004014;2.04e+08;5;3
"Mn-II";"II";293.338;8.7955095;13.02094;1.1e+08;5;3
"Mn-II";"II";293.378;4.068968;8.2938151;9e+06;1;3
"Mn-II";"II";293.472;4.0712369;8.2947281;9100000;3;5
"Mn-II";"II";293.536;4.0712369;8.2938151;2600000;3;3
"Mn-II";"II";293.771;6.1846056;10.403814;7e+07;9;11
"Mn-II";"II";293.931;1.1745014;5.3914112;1.98e+08;5;5
"Mn-II";"II";294.157;6.1855626;10.399233;4.3e+07;7;9
"Mn-II";"II";294.314;4.9362771;9.1476927;1.5e+08;5;7
"Mn-II";"II";294.389;4.9379075;9.148246;1.4e+08;3;5
"Mn-II";"II";294.92;1.1745014;5.3772613;1.96e+08;5;7
"Mn-II";"II";295.117;4.935624;9.1355822;1.6e+08;7;9
"Mn-II";"II";295.287;4.0651815;8.2627156;9200000;9;9
"Mn-II";"II";295.514;4.073782;8.2681019;11200000;7;7
"Mn-II";"II";295.538;4.068968;8.2629413;6200000;1;3
"Mn-II";"II";295.806;6.5281805;10.718347;4e+07;9;9
"Mn-II";"II";295.894;4.0740154;8.2629413;2.4e+07;5;3
"Mn-II";"II";296.169;4.0651815;8.2502234;5600000;9;11
"Mn-II";"II";296.595;6.9132748;11.092293;7e+07;7;9
"Mn-II";"II";297.648;4.935624;9.0998753;6e+07;7;7
"Mn-II";"II";297.687;4.9362771;9.0999856;4.7e+07;5;5
"Mn-II";"II";298.459;4.1097923;8.2627156;7900000;11;9
"Mn-II";"II";298.973;4.122308;8.2681019;1300000;9;7
"Mn-II";"II";299.241;4.1260367;8.2681019;1700000;7;7
"Mn-II";"II";299.361;4.1097923;8.2502234;5900000;11;11
"Mn-II";"I";300.766;3.134449;7.255543;1.8e+07;6;8
"Mn-II";"I";301.116;3.134994;7.25128;1.1e+07;10;10
"Mn-II";"I";301.138;3.13528;7.25128;3.1e+07;8;10
"Mn-II";"I";301.645;3.134994;7.244062;2.9e+07;10;12
"Mn-II";"II";301.972;6.5281805;10.632812;2.7e+07;9;9
"Mn-II";"II";301.992;4.3099509;8.4143048;3.6e+07;11;9
"Mn-II";"II";302.904;5.3772613;9.4692672;6.2e+07;7;5
"Mn-II";"II";302.945;4.3283838;8.4198363;1700000;9;9
"Mn-II";"II";303.104;4.3099509;8.39924;7e+07;11;13
"Mn-II";"II";303.132;7.3817036;11.470606;2.9e+07;9;9
"Mn-II";"II";303.535;4.3283838;8.4118617;5.4e+07;9;11
"Mn-II";"II";303.809;4.3400408;8.4198363;4.6e+07;7;9
"Mn-II";"II";303.851;4.3283838;8.4076273;3.8e+07;9;7
"Mn-II";"II";303.955;5.3914112;9.4692672;5.5e+07;5;5
"Mn-II";"I";304.336;3.13528;7.208031;5.9e+07;8;8
"Mn-II";"I";304.457;2.114215;6.185325;5.7e+07;10;8
"Mn-II";"I";304.559;3.134994;7.204752;6.7e+07;10;10
"Mn-II";"II";304.627;5.4004014;9.4692672;2.5e+07;3;5
"Mn-II";"I";304.704;3.132553;7.20039;6.1e+07;12;12
"Mn-II";"I";304.886;3.134994;7.20039;9100000;10;12
"Mn-II";"II";305.065;4.4974797;8.5604778;8.9e+07;5;5
"Mn-II";"II";305.143;4.3400408;8.4020145;3.4e+07;7;5
"Mn-II";"I";305.436;2.142695;6.20076;4.6e+07;8;6
"Mn-II";"II";305.906;4.5086407;8.5604778;5.1e+07;3;5
"Mn-II";"I";306.212;2.163713;6.211488;1.3e+07;6;4
"Mn-II";"I";306.602;2.142695;6.185325;1.6e+07;8;8
"Mn-II";"I";307.027;2.163713;6.20076;1.9e+07;6;6
"Mn-II";"II";307.082;5.815271;9.851592;6e+07;5;5
"Mn-II";"I";307.313;2.178214;6.211488;3.7e+07;4;4
"Mn-II";"I";307.963;2.186728;6.211488;1.6e+07;2;4
"Mn-II";"II";308.069;9.3880779;13.411472;3.9e+07;3;5
"Mn-II";"I";308.133;2.178214;6.20076;3e+06;4;6
"Mn-II";"II";308.457;4.122308;8.140635;1100000;9;11
"Mn-II";"II";310.588;8.7431251;12.73388;1.09e+08;7;7
"Mn-II";"II";310.629;9.4127696;13.403007;5.4e+07;5;7
"Mn-II";"II";310.882;8.7466314;12.73363;1.03e+08;9;9
"Mn-II";"II";310.926;8.7443092;12.730743;8.1e+07;11;11
"Mn-II";"I";311.068;3.372561;7.357159;2.7e+07;6;8
"Mn-II";"II";312.187;8.7604253;12.730743;3.2e+07;11;11
"Mn-II";"II";312.313;5.815271;9.7839874;3.6e+07;5;5
"Mn-II";"II";312.523;6.1113498;10.0774071;1.8e+07;7;9
"Mn-II";"II";314.445;8.928232;12.870021;2.8e+07;9;7
"Mn-II";"I";314.818;2.281614;6.218754;8800000;6;8
"Mn-II";"I";316.104;2.297631;6.218754;4800000;8;8
"Mn-II";"I";317.85;2.31917;6.218754;3700000;10;8
"Mn-II";"II";320.487;4.6929866;8.5604778;10400000;7;5
"Mn-II";"II";320.995;9.163867;13.025247;3.6e+07;3;5
"Mn-II";"I";321.288;2.114215;5.972072;1.6e+07;10;10
"Mn-II";"I";322.809;2.114215;5.953899;6.4e+07;10;12
"Mn-II";"I";323.072;2.142695;5.979261;3.5e+07;8;8
"Mn-II";"I";324.378;2.163713;5.98483;5.3e+07;6;6
"Mn-II";"I";325.114;2.178214;5.990683;2.3e+07;4;2
"Mn-II";"I";325.295;2.178214;5.988558;1.8e+07;4;4
"Mn-II";"I";325.404;2.114215;5.923286;1700000;10;8
"Mn-II";"I";325.614;2.178214;5.98483;5e+07;4;6
"Mn-II";"I";325.841;2.186728;5.990683;9.7e+07;2;2
"Mn-II";"I";326.023;2.186728;5.988558;3.8e+07;2;4
"Mn-II";"I";326.471;2.142695;5.939314;1.4e+07;8;10
"Mn-II";"I";329.688;2.163713;5.923286;1500000;6;8
"Mn-II";"I";329.822;3.372561;7.130589;2.8e+07;6;4
"Mn-II";"II";330.781;7.3817036;11.128858;2.8e+07;9;11
"Mn-II";"I";333.067;2.163713;5.885116;7400000;6;4
"Mn-II";"II";333.078;4.6929866;8.4143048;10500000;7;9
"Mn-II";"II";336.302;6.391771;10.0774071;2.1e+07;11;9
"Mn-II";"II";341.94;4.935624;8.5604778;8300000;7;5
"Mn-II";"II";342.002;4.9362771;8.5604778;1600000;5;5
"Mn-II";"II";344.199;1.776181;5.3772613;36200000;9;7
"Mn-II";"II";346.031;1.8094049;5.3914112;2.6e+07;7;5
"Mn-II";"II";346.405;9.863005;13.441149;1.7e+07;7;9
"Mn-II";"II";346.504;9.864004;13.441126;2.2e+07;9;11
"Mn-II";"II";346.634;9.865326;13.441106;2.7e+07;11;13
"Mn-II";"II";347.404;1.8094049;5.3772613;9300000;7;7
"Mn-II";"II";347.413;1.8326359;5.4004014;16500000;5;3
"Mn-II";"II";348.29;1.8326359;5.3914112;1.6e+07;5;5
"Mn-II";"II";348.868;1.8475137;5.4004014;21100000;3;3
"Mn-II";"II";349.583;1.8547882;5.4004014;9500000;1;3
"Mn-II";"II";349.681;1.8326359;5.3772613;1300000;5;7
"Mn-II";"II";349.752;1.8475137;5.3914112;4200000;3;5
"Mn-II";"II";356.6;10.7739579;14.249808;1.6e+07;7;9
"Mn-II";"I";357.788;2.114215;5.578535;9.4e+07;10;8
"Mn-II";"I";359.512;2.163713;5.611422;1.8e+07;6;4
"Mn-II";"I";360.754;2.142695;5.578535;2.3e+07;8;8
"Mn-II";"I";360.849;2.163713;5.598644;3.6e+07;6;6
"Mn-II";"I";361.03;2.178214;5.611422;4.2e+07;4;4
"Mn-II";"I";362.379;2.178214;5.598644;9700000;4;6
"Mn-II";"I";362.974;2.163713;5.578535;2800000;6;8
"Mn-II";"I";366.04;4.639518;8.02573;9.1e+07;12;14
"Mn-II";"I";367.696;4.665602;8.036597;7.3e+07;10;12
"Mn-II";"I";368.209;4.678819;8.045087;7.6e+07;8;10
"Mn-II";"I";369.657;2.888419;6.241526;7860000;8;10
"Mn-II";"I";370.608;4.246523;7.591001;1.4e+08;12;14
"Mn-II";"I";371.893;4.258101;7.591028;9.6e+07;10;12
"Mn-II";"I";372.889;2.919729;6.243755;5780000;6;8
"Mn-II";"I";373.193;4.267942;7.58925;1e+08;8;10
"Mn-II";"I";379.022;2.114215;5.384458;5650000;10;10
"Mn-II";"I";379.926;2.142695;5.405153;1350000;8;6
"Mn-II";"I";380.055;3.843653;7.104991;2.7e+07;6;8
"Mn-II";"I";380.191;3.132553;6.392741;6400000;12;12
"Mn-II";"I";380.672;2.114215;5.37028;5.9e+07;10;12
"Mn-II";"I";380.959;2.142695;5.396298;14300000;8;8
"Mn-II";"I";381.069;3.134449;6.387124;5300000;6;6
"Mn-II";"I";381.675;2.163713;5.411222;4190000;6;4
"Mn-II";"I";382.351;2.142695;5.384458;52100000;8;10
"Mn-II";"I";382.389;2.163713;5.405153;23100000;6;6
"Mn-II";"I";382.968;2.178214;5.41472;10300000;4;2
"Mn-II";"I";383.386;2.178214;5.411222;31400000;4;4
"Mn-II";"I";383.436;2.163713;5.396298;42900000;6;8
"Mn-II";"I";383.978;2.186728;5.41472;46400000;2;2
"Mn-II";"I";384.108;2.178214;5.405153;3.3e+07;4;6
"Mn-II";"I";384.398;2.186728;5.411222;21100000;2;4
"Mn-II";"I";392.647;3.843653;7.000406;5.4e+07;6;8
"Mn-II";"I";395.284;4.193826;7.329529;4.1e+07;6;6
"Mn-II";"I";397.589;4.320262;7.437784;1.8e+07;2;4
"Mn-II";"I";397.708;4.272913;7.389502;1.6e+07;4;6
"Mn-II";"I";398.258;3.134449;6.246729;2.3e+07;6;4
"Mn-II";"I";398.524;3.13528;6.245485;9700000;8;6
"Mn-II";"I";398.683;3.132553;6.241526;1.1e+07;12;10
"Mn-II";"I";398.71;3.134994;6.243755;1e+07;10;8
"Mn-II";"I";401.81;2.114215;5.198985;25400000;10;8
"Mn-II";"I";402.644;3.132553;6.210939;8900000;12;14
"Mn-II";"I";403.076;0;3.075087;1.7e+07;6;8
"Mn-II";"I";403.307;0;3.073327;16500000;6;6
"Mn-II";"I";403.449;0;3.072244;15800000;6;4
"Mn-II";"I";403.873;3.763442;6.832462;4700000;8;8
"Mn-II";"I";404.136;2.114215;5.181235;78700000;10;10
"Mn-II";"I";404.876;2.163713;5.225137;7.5e+07;6;4
"Mn-II";"I";405.247;4.353703;7.41231;3.8e+07;6;8
"Mn-II";"I";405.554;2.142695;5.198985;43100000;8;8
"Mn-II";"I";405.893;2.178214;5.231955;72500000;4;2
"Mn-II";"I";405.939;3.073327;6.126723;1.4e+07;6;6
"Mn-II";"I";406.174;3.075087;6.126723;1.9e+07;8;6
"Mn-II";"I";406.353;2.163713;5.213998;16900000;6;6
"Mn-II";"I";406.508;4.246523;7.295651;2.5e+07;12;14
"Mn-II";"I";406.8;2.178214;5.225137;1400000;4;4
"Mn-II";"I";407.028;2.186728;5.231955;2.3e+07;2;2
"Mn-II";"I";407.924;2.186728;5.225137;3.8e+07;2;4
"Mn-II";"I";408.294;2.178214;5.213998;29500000;4;6
"Mn-II";"I";408.363;2.163713;5.198985;2.8e+07;6;8
"Mn-II";"I";408.994;4.267942;7.298536;1.7e+07;8;10
"Mn-II";"I";410.536;4.331847;7.351037;1.7e+07;10;8
"Mn-II";"I";413.504;4.246523;7.244062;3e+07;12;12
"Mn-II";"I";414.106;4.258101;7.25128;2.6e+07;10;10
"Mn-II";"I";414.753;3.372561;6.361048;6600000;6;6
"Mn-II";"I";414.88;4.267942;7.255543;2.3e+07;8;8
"Mn-II";"I";417.66;4.232682;7.20039;2.4e+07;14;12
"Mn-II";"I";418.999;4.246523;7.204752;2e+07;12;10
"Mn-II";"I";420.176;4.258101;7.208031;2.3e+07;10;8
"Mn-II";"II";420.637;5.3968661;8.3435719;1200000;11;9
"Mn-II";"I";423.514;2.888419;5.814999;91700000;8;6
"Mn-II";"I";423.972;2.940846;5.864365;3.9e+07;4;2
"Mn-II";"I";425.766;2.953164;5.864365;3.7e+07;2;2
"Mn-II";"II";425.919;5.3979231;8.3080841;1900000;9;7
"Mn-II";"I";426.592;2.940846;5.846414;49200000;4;4
"Mn-II";"I";428.11;2.919729;5.814999;2.3e+07;6;6
"Mn-II";"II";428.199;10.6496819;13.544349;1.6e+07;5;5
"Mn-II";"II";428.218;10.6496819;13.54422;2.5e+07;5;3
"Mn-II";"I";428.408;2.953164;5.846414;8920000;2;4
"Mn-II";"II";428.443;5.3699198;8.2629413;1300000;3;3
"Mn-II";"II";429.223;5.3803433;8.2681019;1500000;7;7
"Mn-II";"II";429.327;10.6577588;13.54483;1.5e+07;7;9
"Mn-II";"II";429.368;10.6577588;13.544547;1.5e+07;7;7
"Mn-II";"II";431.07;10.6697857;13.545167;2.3e+07;9;11
"Mn-II";"II";431.123;10.6697857;13.54483;8e+06;9;9
"Mn-II";"I";431.255;2.940846;5.814999;5010000;4;6
"Mn-II";"II";432.505;5.3968661;8.2627156;3e+06;11;9
"Mn-II";"II";432.664;5.3979231;8.2627156;1700000;9;9
"Mn-II";"II";433.834;5.4367494;8.2938151;1e+06;5;3
"Mn-II";"II";434.398;5.3968661;8.2502234;2500000;11;11
"Mn-II";"I";438.17;4.794419;7.623211;1.4e+07;8;10
"Mn-II";"II";439.338;5.4725424;8.2938151;4e+06;3;3
"Mn-II";"I";441.188;4.712478;7.521934;2.6e+07;12;10
"Mn-II";"I";441.488;2.888419;5.695949;29300000;8;6
"Mn-II";"I";441.978;4.7263;7.530728;2.1e+07;10;8
"Mn-II";"I";443.635;2.919729;5.713674;43700000;6;4
"Mn-II";"I";445.159;2.888419;5.672806;79800000;8;8
"Mn-II";"I";445.3;2.940846;5.724342;54400000;4;2
"Mn-II";"I";445.582;3.072244;5.85399;1.7e+07;4;6
"Mn-II";"I";445.704;3.073327;5.854304;23400000;6;4
"Mn-II";"I";445.755;3.073327;5.85399;42700000;6;6
"Mn-II";"I";445.826;3.073327;5.853549;46200000;6;8
"Mn-II";"I";446.108;3.075087;5.853549;1.7e+07;8;8
"Mn-II";"I";446.202;3.075087;5.852957;7e+07;8;10
"Mn-II";"I";446.468;2.919729;5.695949;43900000;6;6
"Mn-II";"I";447.014;2.940846;5.713674;3e+07;4;4
"Mn-II";"I";447.279;2.953164;5.724342;43500000;2;2
"Mn-II";"I";447.94;5.111906;7.879009;3.4e+07;8;10
"Mn-II";"I";449.008;2.953164;5.713674;24900000;2;4
"Mn-II";"I";449.89;2.940846;5.695949;24900000;4;6
"Mn-II";"I";450.222;2.919729;5.672806;18600000;6;8
"Mn-II";"II";451.021;10.6577588;13.405956;9e+06;7;7
"Mn-II";"II";453.003;10.6697857;13.405956;1.1e+07;9;7
"Mn-II";"I";460.536;4.7263;7.417712;3.6e+07;10;12
"Mn-II";"I";462.654;4.712478;7.391581;3.6e+07;12;14
"Mn-II";"II";463.916;10.7739579;13.445771;1.3e+07;7;5
"Mn-II";"I";467.169;2.888419;5.541634;1100000;8;6
"Mn-II";"I";470.116;2.919729;5.556318;1700000;6;4
"Mn-II";"I";470.972;2.888419;5.520204;17200000;8;8
"Mn-II";"I";472.748;2.919729;5.541634;1.7e+07;6;6
"Mn-II";"I";473.911;2.940846;5.556318;2.4e+07;4;4
"Mn-II";"I";475.404;2.281614;4.888859;30300000;6;8
"Mn-II";"I";476.153;2.953164;5.556318;53500000;2;4
"Mn-II";"I";476.238;2.888419;5.491106;78300000;8;10
"Mn-II";"I";476.586;2.940846;5.541634;4.1e+07;4;6
"Mn-II";"I";476.643;2.919729;5.520204;4.6e+07;6;8
"Mn-II";"I";478.342;2.297631;4.888859;40100000;8;8
"Mn-II";"I";482.352;2.31917;4.888859;49900000;10;8
"Mn-II";"I";496.588;2.888419;5.384458;1100000;8;10
"Mn-II";"I";511.794;3.134449;5.556318;4600000;6;4
"Mn-II";"I";515.089;3.13528;5.541634;3900000;8;6
"Mn-II";"I";519.659;3.134994;5.520204;3600000;10;8
"Mn-II";"I";525.532;3.132553;5.491106;4170000;12;10
"Mn-II";"II";529.433;9.861818;12.202975;4.4e+07;3;5
"Mn-II";"II";529.54;9.862287;12.202975;7.8e+07;5;7
"Mn-II";"II";529.706;9.863005;12.202971;1.11e+08;7;9
"Mn-II";"II";529.937;9.864004;12.20297;1.4e+08;9;11
"Mn-II";"II";530.244;9.865326;12.202966;1.8e+08;11;13
"Mn-II";"II";534.289;12.2078019;14.52772;6e+06;5;7
"Mn-II";"II";534.308;12.2079015;14.52772;7e+06;7;9
"Mn-II";"II";534.33;12.2080202;14.52772;7e+06;9;11
"Mn-II";"II";534.366;12.2081469;14.52772;8e+06;11;13
"Mn-II";"I";542.036;2.142695;4.429441;1310000;8;6
"Mn-II";"I";601.35;3.072244;5.133433;17200000;4;6
"Mn-II";"I";602.18;3.075087;5.133433;33200000;8;6
"Mn-II";"II";605.038;10.337282;12.3859168;3300000;7;9
"Mn-II";"II";605.185;10.337282;12.3854376;3300000;7;7
"Mn-II";"II";610.528;10.356341;12.3865529;6e+06;9;11
"Mn-II";"II";612.243;10.183626;12.2081469;1.4e+08;9;11
"Mn-II";"II";612.281;10.183626;12.2080202;2.4e+07;9;9
"Mn-II";"II";612.586;10.1846328;12.2080202;1.2e+08;7;9
"Mn-II";"II";612.622;10.1846328;12.2079015;4.3e+07;7;7
"Mn-II";"II";612.65;10.1846328;12.2078019;6e+06;7;5
"Mn-II";"II";612.873;10.1854621;12.2079015;9.8e+07;5;7
"Mn-II";"II";612.903;10.1854621;12.2078019;5.7e+07;5;5
"Mn-II";"II";612.924;10.1854621;12.2077293;1e+07;5;3
"Mn-II";"II";613.08;10.1860433;12.2078019;8e+07;3;5
"Mn-II";"II";613.102;10.1860433;12.2077293;6.7e+07;3;3
"Mn-II";"II";613.192;10.1863424;12.2077293;6.7e+07;1;3
"Mn-II";"I";638.467;3.772307;5.713674;1200000;4;4
"Mn-II";"II";646.221;12.2077293;14.1258;1.6e+07;3;5
"Mn-II";"II";646.245;12.2078019;14.1258;1.6e+07;5;7
"Mn-II";"II";646.28;12.2079015;14.1257999;1.7e+07;7;9
"Mn-II";"II";646.319;12.2080202;14.1257999;1.9e+07;9;11
"Mn-II";"II";646.364;12.2081469;14.1258;2.1e+07;11;13
"Mn-II";"I";649.171;3.763442;5.672806;1800000;8;8
"Mn-II";"II";704.07;10.356341;12.1168179;2e+06;9;7
"Mn-II";"II";714.098;10.6496819;12.3854376;2.2e+07;5;7
"Mn-II";"II";714.242;10.6496819;12.3850898;5e+07;5;5
"Mn-II";"II";714.333;10.6496819;12.3848673;7.5e+07;5;3
"Mn-II";"II";716.749;12.3850898;14.1144266;2900000;5;7
"Mn-II";"II";716.9;12.3854376;14.114411;4100000;7;9
"Mn-II";"II";717.102;12.3859168;14.1144011;5400000;9;11
"Mn-II";"II";717.237;10.6577588;12.3859168;4.6e+07;7;9
"Mn-II";"II";717.376;12.3865529;14.114379;6800000;11;13
"Mn-II";"II";717.436;10.6577588;12.3854376;4.6e+07;7;7
"Mn-II";"II";717.581;10.6577588;12.3850898;2.5e+07;7;5
"Mn-II";"II";721.997;10.6697857;12.3865529;6.8e+07;9;11
"Mn-II";"II";722.265;10.6697857;12.3859168;2.5e+07;9;9
"Mn-II";"II";722.469;10.6697857;12.3854376;6e+06;9;7
"Mn-II";"II";724.912;10.7739579;12.4838207;2.2e+07;7;7
"Mn-II";"II";725.24;10.7739579;12.483049;6.7e+07;7;9
"Mn-II";"II";726.582;10.7788119;12.484746;1.7e+07;5;3
"Mn-II";"II";726.737;10.7788119;12.484379;3.9e+07;5;5
"Mn-II";"II";726.977;10.7788119;12.4838207;4.4e+07;5;7
"Mn-II";"II";727.856;10.781805;12.484746;5e+07;3;3
"Mn-II";"II";728.016;10.781805;12.484379;2.3e+07;3;5
"Mn-II";"II";749.171;12.483049;14.137545;5500000;9;11
"Mn-II";"II";749.461;12.4838207;14.137684;4600000;7;9
"Mn-II";"II";749.803;12.484379;14.137478;2100000;5;7
"Mn-II";"II";750.065;12.484746;14.137297;3100000;3;5
"Mn-II";"II";796.021;12.580425;14.137545;6200000;13;11
"Mn-II";"II";797.327;12.583107;14.137684;5700000;11;9
"Mn-II";"II";797.943;12.5843081;14.137684;1e+06;9;9
"Mn-II";"II";798.043;12.5843081;14.137478;3500000;9;7
"Mn-II";"II";798.288;12.584428;14.13713;7e+06;5;3
"Mn-II";"II";798.288;12.5845971;14.137297;6e+06;7;5
"Mn-II";"II";820.072;12.580425;14.091879;2.8e+07;13;11
"Mn-II";"II";822.264;12.583107;14.09053;1.6e+07;11;9
"Mn-II";"II";822.921;12.5843081;14.09053;3300000;9;9
"Mn-II";"II";823.091;12.584428;14.090338;3.6e+07;5;3
"Mn-II";"II";823.217;12.5845971;14.090277;2.6e+07;7;5
"Mn-II";"II";823.293;12.5843081;14.089851;2.4e+07;9;7
"Mn-II";"II";823.449;12.5845971;14.089851;5200000;7;7
"Mn-II";"II";844.845;10.6496819;12.1168179;1.5e+07;5;7
"Mn-II";"II";849.535;10.6577588;12.1168179;2.1e+07;7;7
"Mn-II";"II";856.582;10.6697857;12.1168179;2.5e+07;9;7
"Mn-II";"II";868.37;10.7739579;12.2013484;3.1e+07;7;5
"Mn-II";"II";869.521;9.2442843;10.6697857;3.7e+07;7;9
"Mn-II";"II";871.331;10.7788119;12.2013484;2.2e+07;5;5
"Mn-II";"II";873.169;10.781805;12.2013484;1.3e+07;3;5
"Mn-II";"II";876.918;9.2442843;10.6577588;3.8e+07;7;7
"Mn-II";"II";881.96;9.2442843;10.6496819;3.8e+07;7;5
"Mn-II";"II";883.15;12.73388;14.137478;4300000;7;7
"Mn-II";"II";913.511;12.73363;14.09053;3800000;9;9
"Mn-II";"II";944.355;9.4692672;10.781805;3.4e+07;5;3
"Mn-II";"II";946.514;9.4692672;10.7788119;3.3e+07;5;5
"Mn-II";"II";950.036;9.4692672;10.7739579;3.3e+07;5;7
"Mn-II";"II";990.385;12.2077293;13.459265;4.6e+07;3;5
"Mn-II";"II";990.438;12.2078019;13.459265;1.3e+07;5;5
"Mn-II";"II";990.438;12.2078019;13.459265;4.6e+07;5;7
"Mn-II";"II";990.525;12.2079015;13.459265;4.9e+07;7;9
"Mn-II";"II";990.525;12.2079015;13.459265;1.3e+07;7;7
"Mn-II";"II";990.624;12.2080202;13.459265;10700000;9;9
"Mn-II";"II";990.624;12.2080202;13.459265;5.4e+07;9;11
"Mn-II";"II";990.726;12.2081469;13.459265;6e+06;11;11
"Mn-II";"II";990.726;12.2081469;13.459265;6e+07;11;13
"Cu-II";"II";135.877;0;9.12471804;3.3e+08;1;3
"Cu-II";"II";136.795;0;9.06349793;8.3e+07;1;3
"Cu-II";"II";147.239;0;8.4205799;8e+06;1;3
"Cu-II";"II";149.283;9.0166042;17.3218932;5.5e+08;5;5
"Cu-II";"II";151.449;8.64228154;16.8288009;4.8e+08;9;7
"Cu-II";"II";153.213;8.8687809;16.9610553;1e+09;7;5
"Cu-II";"II";153.756;8.64228154;16.7059859;1.4e+09;9;9
"Cu-II";"II";154.059;8.8687809;16.9166293;9e+08;7;7
"Cu-II";"II";154.175;10.5868585;18.6286118;1.4e+09;5;5
"Cu-II";"II";154.842;10.9554919;18.962653;1e+09;5;5
"Cu-II";"II";155.065;9.0166042;17.0122164;7.3e+08;5;5
"Cu-II";"II";155.264;8.64228154;16.6276287;1.9e+09;9;11
"Cu-II";"II";155.39;9.0166042;16.9955295;1.4e+09;5;7
"Cu-II";"II";155.513;8.8687809;16.84135293;1.3e+09;7;9
"Cu-II";"II";155.57;8.64228154;16.6119391;6.8e+08;9;7
"Cu-II";"II";168.315;8.64228154;16.0084397;1.1e+08;9;7
"Cu-II";"II";174.451;8.8687809;15.9758644;5.9e+07;7;5
"Cu-II";"II";179.066;9.0166042;15.940543;4.5e+07;5;3
"Cu-II";"II";192.067;8.23486741;14.69012064;1.5e+07;5;7
"Cu-II";"II";192.975;8.64228154;15.06716123;2.1e+07;9;7
"Cu-II";"II";194.46;2.71881633;9.09464957;19900000;7;5
"Cu-II";"II";196.801;8.23486741;14.53484133;1.8e+07;5;3
"Cu-II";"II";197.049;2.83268156;9.12471804;5300000;5;3
"Cu-II";"II";197.996;2.83268156;9.09464957;9.6e+07;5;5
"Cu-II";"II";198.985;2.83268156;9.06349793;9.8e+07;5;3
"Cu-II";"II";199.018;8.4205799;14.65037786;1.3e+08;3;5
"Cu-II";"II";199.953;8.4205799;14.62123579;5.8e+07;3;3
"Cu-II";"II";199.97;2.71881633;8.91695547;2.13e+08;7;7
"Cu-II";"II";201.298;8.23486741;14.39211349;2.5e+08;5;7
"Cu-II";"II";201.558;2.97541889;9.12471804;2.1e+07;3;3
"Cu-II";"II";201.69;2.71881633;8.86410828;8100000;7;5
"Cu-II";"II";202.219;8.48643755;14.61564148;11400000;7;9
"Cu-II";"I";202.433;0;6.1227444;9800000;2;2
"Cu-II";"I";202.434;0;6.1227049;9800000;2;4
"Cu-II";"II";202.549;2.97541889;9.09464957;6.8e+07;3;5
"Cu-II";"II";202.713;8.4205799;14.53484133;1.3e+08;3;3
"Cu-II";"II";202.995;8.23486741;14.34065139;8e+07;5;3
"Cu-II";"II";203.104;8.23486741;14.33738437;4.5e+08;5;5
"Cu-II";"II";203.384;8.52154401;14.61564148;8900000;9;9
"Cu-II";"II";203.585;2.97541889;9.06349793;3.7e+08;3;3
"Cu-II";"II";203.692;8.53634465;14.62123579;1.9e+08;1;3
"Cu-II";"II";203.713;2.83268156;8.91695547;1.36e+08;5;7
"Cu-II";"II";204.38;2.71881633;8.78322249;1.42e+08;7;7
"Cu-II";"II";204.768;9.12471804;15.1776443;5.32e+08;3;1
"Cu-II";"II";205.425;8.6625261;14.69608333;1.4e+08;5;5
"Cu-II";"II";205.442;8.4205799;14.45365331;6.7e+08;3;1
"Cu-II";"II";205.498;2.83268156;8.86410828;1.65e+08;5;5
"Cu-II";"II";206.242;8.4205799;14.43024652;1.7e+08;3;5
"Cu-II";"II";206.626;8.53634465;14.53484133;2e+08;1;3
"Cu-II";"II";206.994;8.6625261;14.65037786;3.7e+07;5;5
"Cu-II";"II";207.866;8.23486741;14.19758413;6.3e+08;5;3
"Cu-II";"II";208.006;8.6625261;14.62123579;4.9e+07;5;3
"Cu-II";"II";208.292;2.83268156;8.78322249;1e+06;5;7
"Cu-II";"II";208.527;8.48643755;14.43024652;6.7e+07;7;5
"Cu-II";"II";208.53;2.71881633;8.6625261;4100000;7;5
"Cu-II";"II";208.792;8.6625261;14.59881086;4.2e+08;5;7
"Cu-II";"II";208.797;8.48643755;14.4225753;2.6e+08;7;7
"Cu-II";"II";209.364;8.4205799;14.34065139;2.2e+08;3;3
"Cu-II";"II";209.479;8.4205799;14.33738437;22100000;3;5
"Cu-II";"II";209.619;8.78322249;14.69608333;1.6e+07;7;5
"Cu-II";"II";209.831;8.78322249;14.69012064;1.01e+08;7;7
"Cu-II";"II";209.84;8.52154401;14.42818752;2.09e+08;9;9
"Cu-II";"II";209.874;8.48643755;14.39211349;2e+07;7;7
"Cu-II";"II";210.48;2.97541889;8.86410828;7.7e+07;3;5
"Cu-II";"II";211.129;8.52154401;14.39211349;6.6e+07;9;7
"Cu-II";"II";211.21;3.2563892;9.12471804;3.5e+08;5;3
"Cu-II";"II";211.252;8.78322249;14.65037786;1.2e+07;7;5
"Cu-II";"II";211.731;8.48643755;14.34033006;7.2e+08;7;9
"Cu-II";"II";211.837;8.48643755;14.33738437;2.7e+07;7;5
"Cu-II";"II";212.298;3.2563892;9.09464957;2.2e+08;5;5
"Cu-II";"II";212.511;8.78322249;14.61564148;2.28e+08;7;9
"Cu-II";"II";212.527;8.86410828;14.69608333;6.6e+07;5;5
"Cu-II";"II";212.604;2.83268156;8.6625261;1.41e+08;5;5
"Cu-II";"II";213.008;8.52154401;14.34033006;4.4e+07;9;9
"Cu-II";"II";213.125;8.78322249;14.59881086;1.3e+07;7;7
"Cu-II";"II";213.434;8.52154401;14.32872921;7.7e+08;9;11
"Cu-II";"II";213.54;8.53634465;14.34065139;4e+07;1;3
"Cu-II";"II";213.598;2.71881633;8.52154401;4.59e+08;7;9
"Cu-II";"II";214.471;8.91695547;14.69608333;1.5e+07;7;5
"Cu-II";"II";214.549;8.4205799;14.19758413;1.14e+08;3;3
"Cu-II";"II";214.692;8.91695547;14.69012064;1.04e+08;7;7
"Cu-II";"II";214.898;2.71881633;8.48643755;8.8e+07;7;7
"Cu-II";"II";215.181;8.6625261;14.4225753;2.59e+08;5;7
"Cu-II";"II";216.132;8.86410828;14.59881086;3.1e+08;5;7
"Cu-II";"I";216.509;0;5.724709;5.5e+07;2;4
"Cu-II";"II";217.498;8.91695547;14.61564148;4.9e+08;7;9
"Cu-II";"I";217.894;0;5.688311;9.1e+07;2;4
"Cu-II";"II";217.941;2.97541889;8.6625261;2.15e+08;3;5
"Cu-II";"II";218.142;8.91695547;14.59881086;2.4e+07;7;7
"Cu-II";"I";218.172;0;5.681073;9.9e+07;2;2
"Cu-II";"II";218.286;8.6625261;14.34065139;8e+07;5;3
"Cu-II";"II";218.937;8.53634465;14.19758413;1.3e+07;1;3
"Cu-II";"II";218.963;3.2563892;8.91695547;1.04e+08;5;7
"Cu-II";"II";219.227;2.83268156;8.48643755;2.8e+08;5;7
"Cu-II";"II";219.568;8.78322249;14.42818752;4.2e+08;7;9
"Cu-II";"II";220.051;9.06349793;14.69608333;2.1e+08;3;5
"Cu-II";"II";220.98;8.78322249;14.39211349;2.1e+08;7;7
"Cu-II";"II";221.027;3.2563892;8.86410828;1.53e+08;5;5
"Cu-II";"II";221.275;9.09464957;14.69608333;1.4e+08;5;5
"Cu-II";"II";221.511;9.09464957;14.69012064;4.9e+08;5;7
"Cu-II";"II";221.811;2.83268156;8.4205799;3.5e+08;5;3
"Cu-II";"II";221.851;9.06349793;14.65037786;2.6e+08;3;5
"Cu-II";"II";222.469;9.12471804;14.69608333;1.3e+08;3;5
"Cu-II";"I";222.57;0;5.568835;4.4e+07;2;2
"Cu-II";"II";222.678;8.86410828;14.43024652;2.9e+08;5;5
"Cu-II";"II";222.887;2.97541889;8.53634465;3.88e+08;3;1
"Cu-II";"II";222.985;8.86410828;14.4225753;2.1e+08;5;7
"Cu-II";"II";223.014;9.06349793;14.62123579;1.9e+08;3;3
"Cu-II";"II";223.04;8.78322249;14.34033006;2e+07;7;9
"Cu-II";"II";223.095;9.09464957;14.65037786;2.2e+08;5;5
"Cu-II";"II";223.158;8.78322249;14.33738437;1.14e+08;7;5
"Cu-II";"II";224.214;8.86410828;14.39211349;10700000;5;7
"Cu-II";"II";224.262;3.2563892;8.78322249;2.5e+08;5;7
"Cu-II";"II";224.272;9.09464957;14.62123579;5.8e+07;5;3
"Cu-II";"II";224.309;9.12471804;14.65037786;4e+07;3;5
"Cu-II";"I";224.427;0;5.522772;1850000;2;4
"Cu-II";"II";224.7;2.71881633;8.23486741;3.3e+08;7;5
"Cu-II";"II";224.897;8.91695547;14.42818752;9.1e+07;7;9
"Cu-II";"II";225.186;9.09464957;14.59881086;5800000;5;7
"Cu-II";"II";225.499;9.12471804;14.62123579;1.9e+08;3;3
"Cu-II";"II";226.321;8.86410828;14.34065139;1.54e+08;5;3
"Cu-II";"II";226.379;8.91695547;14.39211349;1.8e+08;7;7
"Cu-II";"II";226.457;8.86410828;14.33738437;1400000;5;5
"Cu-II";"II";226.536;9.06349793;14.53484133;1.25e+08;3;3
"Cu-II";"II";227.474;8.23486741;13.68365916;4e+06;5;5
"Cu-II";"II";227.626;2.97541889;8.4205799;6.3e+07;3;3
"Cu-II";"II";227.834;9.09464957;14.53484133;1.32e+08;5;3
"Cu-II";"II";228.664;8.91695547;14.33738437;1.52e+08;7;5
"Cu-II";"II";228.942;8.23486741;13.64873568;7e+06;5;3
"Cu-II";"II";229.1;9.12471804;14.53484133;1.76e+08;3;3
"Cu-II";"II";229.437;2.83268156;8.23486741;3.4e+07;5;5
"Cu-II";"II";229.949;9.06349793;14.45365331;1.07e+08;3;1
"Cu-II";"II";230.952;9.06349793;14.43024652;10200000;3;5
"Cu-II";"II";233.617;9.12471804;14.43024652;4.9e+07;3;5
"Cu-II";"II";234.873;9.06349793;14.34065139;2.8e+07;3;3
"Cu-II";"II";235.501;8.4205799;13.68365916;2.5e+07;3;5
"Cu-II";"II";235.664;2.97541889;8.23486741;3e+06;3;5
"Cu-II";"II";236.268;9.09464957;14.34065139;6300000;5;3
"Cu-II";"II";236.415;9.09464957;14.33738437;3400000;5;5
"Cu-II";"II";236.989;3.2563892;8.48643755;5.3e+07;5;7
"Cu-II";"II";237.075;8.4205799;13.64873568;2.4e+07;3;3
"Cu-II";"II";237.63;9.12471804;14.34065139;1.61e+08;3;3
"Cu-II";"II";237.779;9.12471804;14.33738437;3500000;3;5
"Cu-II";"II";238.494;8.23486741;13.43190349;7e+06;5;5
"Cu-II";"II";240.011;3.2563892;8.4205799;6900000;5;3
"Cu-II";"II";240.334;8.23486741;13.39213301;1.06e+08;5;7
"Cu-II";"II";241.419;9.06349793;14.19758413;2e+06;3;3
"Cu-II";"II";242.443;8.53634465;13.64873568;5e+07;1;3
"Cu-II";"II";242.893;9.09464957;14.19758413;19300000;5;3
"Cu-II";"I";244.164;0;5.076382;2010000;2;2
"Cu-II";"II";244.333;9.12471804;14.19758413;2e+07;3;3
"Cu-II";"II";246.85;8.6625261;13.68365916;1.3e+07;5;5
"Cu-II";"II";247.333;8.4205799;13.43190349;5.9e+07;3;5
"Cu-II";"II";248.579;8.6625261;13.64873568;1.42e+08;5;3
"Cu-II";"II";248.965;3.2563892;8.23486741;1e+06;5;5
"Cu-II";"I";249.215;0;4.973503;2790000;2;4
"Cu-II";"II";250.627;8.48643755;13.43190349;2e+08;7;5
"Cu-II";"II";252.659;8.48643755;13.39213301;2.7e+07;7;7
"Cu-II";"II";252.93;8.78322249;13.68365916;1.06e+08;7;5
"Cu-II";"II";254.481;8.52154401;13.39213301;1.94e+08;9;7
"Cu-II";"II";257.176;8.86410828;13.68365916;1.1e+07;5;5
"Cu-II";"II";259.053;8.86410828;13.64873568;6e+07;5;3
"Cu-II";"II";259.881;8.6625261;13.43190349;4.2e+07;5;5
"Cu-II";"II";260.027;8.91695547;13.68365916;1.01e+08;7;5
"Cu-II";"I";261.837;1.388948;6.1227049;30700000;6;4
"Cu-II";"II";262.067;8.6625261;13.39213301;1300000;5;7
"Cu-II";"II";266.629;8.78322249;13.43190349;2e+07;7;5
"Cu-II";"II";268.93;8.78322249;13.39213301;5.9e+07;7;7
"Cu-II";"II";270.096;9.09464957;13.68365916;1.02e+08;5;5
"Cu-II";"II";270.318;9.06349793;13.64873568;1.17e+08;3;3
"Cu-II";"II";271.351;8.86410828;13.43190349;8.9e+07;5;5
"Cu-II";"II";271.878;9.12471804;13.68365916;8e+07;3;5
"Cu-II";"II";272.168;9.09464957;13.64873568;3.9e+07;5;3
"Cu-II";"II";273.734;8.86410828;13.39213301;1900000;5;7
"Cu-II";"II";273.977;9.12471804;13.64873568;4e+06;3;3
"Cu-II";"II";274.527;8.91695547;13.43190349;1.4e+07;7;5
"Cu-II";"I";276.637;1.6422256;6.1227049;9600000;4;4
"Cu-II";"II";276.967;8.91695547;13.39213301;6.7e+07;7;7
"Cu-II";"I";282.437;1.388948;5.777459;7800000;6;6
"Cu-II";"II";283.737;9.06349793;13.43190349;2.3e+07;3;5
"Cu-II";"II";287.77;9.12471804;13.43190349;2.3e+07;3;5
"Cu-II";"II";288.42;9.09464957;13.39213301;1.2e+07;5;7
"Cu-II";"I";296.116;1.388948;5.574734;3760000;6;8
"Cu-II";"I";306.341;1.6422256;5.688311;1550000;4;4
"Cu-II";"I";319.41;1.6422256;5.522772;1550000;4;4
"Cu-II";"I";324.754;0;3.816692;139500000;2;4
"Cu-II";"I";327.396;0;3.7858977;137600000;2;2
"Cu-II";"II";329.042;14.32872921;18.09568344;5.9e+07;11;13
"Cu-II";"II";330.088;14.59881086;18.353824;5.4e+07;7;9
"Cu-II";"II";330.123;14.34033006;18.09494785;5.6e+07;9;11
"Cu-II";"II";331.628;14.61564148;18.3532242;5.6e+07;9;11
"Cu-II";"II";333.865;14.39211349;18.1046515;2.7e+07;7;9
"Cu-II";"II";336.565;14.4225753;18.1053319;2.9e+07;7;9
"Cu-II";"II";337.045;14.42818752;18.1056931;4.3e+07;9;11
"Cu-II";"II";337.495;14.69012064;18.3627251;4.6e+07;7;9
"Cu-II";"II";338.071;14.69608333;18.36243;3.4e+07;5;7
"Cu-II";"II";388.413;14.96299738;18.1541632;3.1e+07;7;9
"Cu-II";"II";388.453;15.21855811;18.4093924;3.1e+07;5;7
"Cu-II";"II";390.318;14.9760276;18.1516233;3.5e+07;9;11
"Cu-II";"II";392.065;15.25214151;18.4135792;3.3e+07;7;9
"Cu-II";"I";402.263;3.7858977;6.8671955;1.9e+07;2;4
"Cu-II";"II";404.349;8.78322249;11.8486267;1140000;7;9
"Cu-II";"I";406.264;3.816692;6.8676456;2.1e+07;4;6
"Cu-II";"I";424.896;5.076382;7.993553;19500000;2;2
"Cu-II";"I";427.511;4.837701;7.737027;34500000;6;8
"Cu-II";"I";448.035;3.7858977;6.55241;3e+06;2;2
"Cu-II";"I";450.937;5.244851;7.993553;27500000;4;2
"Cu-II";"I";453.079;3.816692;6.55241;8400000;4;2
"Cu-II";"I";453.969;5.153147;7.883492;21200000;6;4
"Cu-II";"I";458.697;5.10238;7.80459;3.2e+07;8;6
"Cu-II";"I";465.112;5.072089;7.737027;3.8e+07;10;8
"Cu-II";"II";467.17;14.19758413;16.85078224;5.6e+07;3;5
"Cu-II";"II";467.358;14.19758413;16.8497175;1.6e+08;3;1
"Cu-II";"II";468.199;14.19758413;16.84495017;1.1e+08;3;3
"Cu-II";"I";470.459;5.10238;7.737027;5500000;8;8
"Cu-II";"II";475.843;8.4205799;11.0254191;1300000;3;1
"Cu-II";"II";481.295;14.53484133;17.1101772;1.3e+08;3;5
"Cu-II";"II";485.126;14.34033006;16.89532667;2.9e+07;9;9
"Cu-II";"II";485.499;14.32872921;16.88176511;3.5e+07;11;11
"Cu-II";"II";487.331;14.59881086;17.14225144;2.4e+07;7;7
"Cu-II";"II";490.143;14.33738437;16.8662317;6.2e+07;5;7
"Cu-II";"II";490.657;14.33738437;16.86358269;4.4e+07;5;5
"Cu-II";"II";490.973;14.32872921;16.85329783;2.04e+08;11;13
"Cu-II";"II";491.292;14.34065139;16.86358269;6e+07;3;5
"Cu-II";"II";491.583;14.61564148;17.13707861;2.5e+07;9;9
"Cu-II";"II";491.838;14.59881086;17.1189425;2.9e+08;7;9
"Cu-II";"II";492.642;14.34065139;16.85666744;9e+07;3;3
"Cu-II";"II";493.155;14.33738437;16.85078224;7.1e+07;5;5
"Cu-II";"II";493.17;14.34033006;16.85365501;1.9e+08;9;11
"Cu-II";"II";493.722;14.62123579;17.13174967;1.1e+08;3;5
"Cu-II";"II";493.797;14.34065139;16.85078224;2.8e+07;3;5
"Cu-II";"II";494.302;14.33738437;16.84495017;4e+07;5;3
"Cu-II";"II";495.372;14.61564148;17.1177912;3.1e+08;9;11
"Cu-II";"II";496.981;14.4225753;16.9166293;1.1e+07;7;7
"Cu-II";"II";497.37;14.62123579;17.1133386;3.6e+07;3;3
"Cu-II";"II";497.415;14.65037786;17.14225144;3e+07;5;7
"Cu-II";"II";498.514;14.43024652;16.9166293;2.1e+07;5;7
"Cu-II";"II";498.55;14.39211349;16.87831334;9.7e+07;7;9
"Cu-II";"II";498.833;16.95184535;19.436639;5700000;11;13
"Cu-II";"II";500.68;14.65037786;17.1260036;1.2e+08;5;7
"Cu-II";"II";500.985;14.39211349;16.8662317;5.4e+07;7;7
"Cu-II";"II";501.262;14.4225753;16.89532667;9.6e+07;7;9
"Cu-II";"II";502.128;14.39211349;16.86060093;3.2e+07;7;7
"Cu-II";"II";503.901;14.65037786;17.1101772;3.9e+07;5;5
"Cu-II";"II";504.133;14.39211349;16.85078224;1.6e+07;7;5
"Cu-II";"II";505.179;14.42818752;16.88176511;1.55e+08;9;11
"Cu-II";"II";505.891;14.42818752;16.87831334;4.8e+07;9;9
"Cu-II";"II";506.546;14.69012064;17.13707861;1.61e+08;7;9
"Cu-II";"II";506.709;14.69608333;17.14225144;1.23e+08;5;7
"Cu-II";"II";508.849;14.69012064;17.1260036;4.8e+07;7;7
"Cu-II";"II";508.894;14.69608333;17.13174967;5.2e+07;5;5
"Cu-II";"II";509.382;14.43024652;16.86358269;4.9e+07;5;5
"Cu-II";"II";510.098;14.69608333;17.1260036;1.6e+07;5;7
"Cu-II";"I";510.554;1.388948;3.816692;2e+06;6;4
"Cu-II";"II";512.075;14.43024652;16.85078224;2e+07;5;5
"Cu-II";"I";515.324;3.7858977;6.1911751;6e+07;2;4
"Cu-II";"II";515.809;14.45365331;16.85666744;2.4e+07;1;3
"Cu-II";"II";518.337;14.45365331;16.84495017;2.4e+07;1;3
"Cu-II";"I";521.82;3.816692;6.1920252;7.5e+07;4;6
"Cu-II";"I";522.007;3.816692;6.1911751;1.5e+07;4;4
"Cu-II";"I";529.252;5.39505;7.737027;10900000;8;8
"Cu-II";"II";532.798;16.85329783;19.1796883;1.1e+07;13;15
"Cu-II";"II";532.881;16.85365501;19.1796846;1.1e+07;11;13
"Cu-II";"II";532.896;17.1101772;19.4361404;9e+06;5;7
"Cu-II";"II";534.516;17.1177912;19.4367063;1.1e+07;11;13
"Cu-II";"II";534.781;17.1189425;19.4367089;1.1e+07;9;11
"Cu-II";"II";535.519;16.8662317;19.1808049;7400000;7;9
"Cu-II";"II";536.191;17.1260036;19.437676;9e+06;7;9
"Cu-II";"II";537.528;17.13174967;19.4376729;8100000;5;7
"Cu-II";"II";538.195;16.87831334;19.1813776;8200000;9;11
"Cu-II";"II";538.644;17.13707861;19.4382247;1e+07;9;11
"Cu-II";"II";539.857;17.14225144;19.4382237;9e+06;7;9
"Cu-II";"II";542.239;16.89532667;19.1812124;7200000;9;11
"Cu-II";"II";557.844;16.95184535;19.1737913;1e+07;11;13
"Cu-II";"II";558.435;17.21137034;19.4309657;9e+06;7;9
"Cu-II";"II";559.253;16.95674247;19.173089;9e+06;9;11
"Cu-II";"II";560.728;17.21928405;19.4297986;8e+06;9;11
"Cu-II";"II";566.743;16.9901471;19.1772002;5800000;7;9
"Cu-II";"II";567.033;16.99134811;19.1772865;7400000;9;11
"Cu-II";"I";578.213;1.6422256;3.7858977;1650000;4;2
"Cu-II";"II";582.582;15.12382247;17.2514154;1.1e+07;5;5
"Cu-II";"II";583.351;15.12382247;17.24861095;7900000;5;7
"Cu-II";"II";593.758;15.12382247;17.21137034;1e+07;5;7
"Cu-II";"II";594.12;14.88955782;16.975836;3.6e+07;5;7
"Cu-II";"II";598.831;14.99211615;17.0619788;9e+07;3;1
"Cu-II";"II";599.559;15.15384714;17.2211986;3e+07;1;3
"Cu-II";"II";600.012;14.88955782;16.95534876;7.5e+07;5;5
"Cu-II";"II";608.309;17.1596556;19.1972712;6900000;7;9
"Cu-II";"II";609.733;15.21855811;17.2514154;1.9e+07;5;5
"Cu-II";"II";610.575;15.21855811;17.24861095;9e+06;5;7
"Cu-II";"II";610.741;15.15384714;17.1833477;3.3e+07;1;3
"Cu-II";"II";611.449;14.96299738;16.9901471;3.4e+07;7;7
"Cu-II";"II";615.038;14.9760276;16.99134811;3.6e+07;9;9
"Cu-II";"II";615.422;14.88955782;16.9036209;1e+08;5;3
"Cu-II";"II";617.203;14.98671572;16.99496619;3.4e+07;5;5
"Cu-II";"II";618.688;14.98671572;16.9901471;3.6e+07;5;7
"Cu-II";"II";618.868;14.99211615;16.99496619;3.1e+07;3;5
"Cu-II";"II";619.809;14.9760276;16.975836;9e+06;9;7
"Cu-II";"II";620.426;15.23365834;17.2314784;4.9e+07;3;5
"Cu-II";"II";620.845;15.25214151;17.24861095;2.9e+07;7;7
"Cu-II";"II";621.694;14.96299738;16.95674247;9.4e+07;7;9
"Cu-II";"II";621.985;15.21855811;17.21137034;9.4e+07;5;7
"Cu-II";"II";625.784;14.9760276;16.95674247;4100000;9;9
"Cu-II";"II";626.185;15.01190137;16.99134811;3.7e+07;7;9
"Cu-II";"II";627.335;14.9760276;16.95184535;1.06e+08;9;11
"Cu-II";"II";628.87;14.98671572;16.957712;1.7e+07;5;3
"Cu-II";"II";630.101;15.25214151;17.21928405;1e+08;7;9
"Cu-II";"II";630.597;14.99211615;16.957712;5.7e+07;3;3
"Cu-II";"II";631.13;15.01190137;16.975836;3.5e+07;7;7
"Cu-II";"II";631.249;15.2878496;17.2514154;5.8e+07;3;5
"Cu-II";"II";632.646;15.25214151;17.21137034;5e+06;7;7
"Cu-II";"II";635.741;15.23365834;17.1833477;5.5e+07;3;3
"Cu-II";"II";637.784;15.01190137;16.95534876;1.9e+07;7;5
"Cu-II";"II";639.396;16.84135293;18.7799005;3400000;9;11
"Cu-II";"II";640.338;15.1776443;17.1133386;2.7e+07;1;3
"Cu-II";"II";641.114;15.2878496;17.2211986;5.8e+07;3;3
"Cu-II";"II";641.457;15.31909404;17.2514154;1.4e+07;5;5
"Cu-II";"II";641.816;16.84495017;18.7761891;1.5e+07;3;5
"Cu-II";"II";642.388;15.31909404;17.24861095;5.6e+07;5;7
"Cu-II";"II";643.242;16.85078224;18.7777404;1.5e+07;5;7
"Cu-II";"II";643.36;16.85329783;18.7799027;2700000;13;13
"Cu-II";"II";643.76;16.85078224;18.7761891;6700000;5;5
"Cu-II";"II";644.174;16.85329783;18.7774674;2.4e+07;13;15
"Cu-II";"II";644.296;16.85365501;18.7774582;2.3e+07;11;13
"Cu-II";"II";644.359;17.1101772;19.0337944;2e+07;5;7
"Cu-II";"II";645.212;16.85666744;18.7777417;1.4e+07;3;5
"Cu-II";"II";646.624;17.1177912;19.0346679;2.3e+07;11;13
"Cu-II";"II";647.014;17.1189425;19.0346658;2.3e+07;9;11
"Cu-II";"II";647.543;16.86358269;18.7777417;7500000;5;5
"Cu-II";"II";647.932;16.8662317;18.7792413;1.5e+07;7;9
"Cu-II";"II";648.144;15.31909404;17.2314784;3.4e+07;5;5
"Cu-II";"II";648.442;14.99211615;16.9036209;1.4e+07;3;3
"Cu-II";"II";648.882;17.1260036;19.0362132;1.9e+07;7;9
"Cu-II";"II";650.84;17.13174967;19.0362108;1.7e+07;5;7
"Cu-II";"II";651.732;16.87831334;18.780169;1.7e+07;9;11
"Cu-II";"II";652.05;16.87831334;18.7792413;5700000;9;9
"Cu-II";"II";652.382;17.13707861;19.0370383;2.1e+07;9;11
"Cu-II";"II";652.917;16.88176511;18.780169;4600000;11;11
"Cu-II";"II";653.008;16.88176511;18.7799027;2e+07;11;13
"Cu-II";"II";654.164;17.14225144;19.0370365;1.9e+07;7;9
"Cu-II";"II";655.966;15.06716123;16.95674247;4900000;7;9
"Cu-II";"II";657.615;16.89532667;18.7801672;4300000;9;9
"Cu-II";"II";657.708;16.89532667;18.7799005;1.5e+07;9;11
"Cu-II";"II";662.429;15.12382247;16.99496619;2.2e+07;5;5
"Cu-II";"II";664.14;15.12382247;16.9901471;2.6e+07;5;7
"Cu-II";"II";664.876;15.31909404;17.1833477;1.1e+07;5;3
"Cu-II";"II";665.132;16.9166293;18.7801672;3800000;7;9
"Cu-II";"II";673.96;17.1833477;19.022478;7400000;3;5
"Cu-II";"II";675.886;15.12382247;16.957712;1e+07;5;3
"Cu-II";"II";680.214;16.95184535;18.7740662;3500000;11;11
"Cu-II";"II";682.106;16.95674247;18.7739094;3200000;9;9
"Cu-II";"II";682.32;16.95184535;18.7684413;1.8e+07;11;13
"Cu-II";"II";682.475;16.95534876;18.7715326;7200000;5;7
"Cu-II";"II";683.053;17.21137034;19.0260172;1.8e+07;7;9
"Cu-II";"II";683.303;16.957712;18.7716964;8100000;3;5
"Cu-II";"II";683.749;16.95534876;18.7681475;9e+06;5;5
"Cu-II";"II";684.416;16.95674247;18.767777;1.8e+07;9;11
"Cu-II";"II";686.306;17.21928405;19.0253297;1.8e+07;9;11
"Cu-II";"II";687.94;13.43190349;15.23365834;5500000;5;3
"Cu-II";"II";689.481;16.975836;18.7735661;1e+07;7;9
"Cu-II";"II";690.262;16.975836;18.7715326;8e+06;7;7
"Cu-II";"II";692.86;17.2314784;19.0204422;1.1e+07;5;7
"Cu-II";"II";693.755;13.43190349;15.21855811;3900000;5;5
"Cu-II";"II";693.91;16.9901471;18.7764025;4800000;7;7
"Cu-II";"II";694.88;16.9901471;18.7739094;1.1e+07;7;9
"Cu-II";"II";695.014;16.9901471;18.7735661;3100000;7;9
"Cu-II";"II";695.287;16.99134811;18.7740662;1.4e+07;9;11
"Cu-II";"II";695.393;17.24861095;19.0310604;1.5e+07;7;9
"Cu-II";"II";695.482;16.99134811;18.7735661;4400000;9;9
"Cu-II";"II";695.788;16.99496619;18.7764025;1.1e+07;5;7
"Cu-II";"II";696.343;17.2514154;19.0314299;1.3e+07;5;7
"Cu-II";"II";697.63;16.99496619;18.7716964;5600000;5;5
"Cu-II";"II";725.579;15.12382247;16.83211397;6500000;5;5
"Cu-II";"II";732.601;13.43190349;15.12382247;1.8e+07;5;5
"Cu-II";"II";738.228;15.1776443;16.85666744;1.6e+07;1;3
"Cu-II";"II";739.988;13.39213301;15.06716123;25700000;7;7
"Cu-II";"II";740.436;14.88955782;16.56357381;2e+07;5;7
"Cu-II";"II";742.056;13.64873568;15.31909404;3100000;3;5
"Cu-II";"II";743.415;15.1776443;16.84495017;1.3e+07;1;3
"Cu-II";"II";743.815;15.15384714;16.82025682;1e+07;1;3
"Cu-II";"II";749.329;17.1596556;18.8138034;3e+06;7;7
"Cu-II";"II";756.201;13.64873568;15.2878496;3.8e+07;3;3
"Cu-II";"II";757.902;13.68365916;15.31909404;4.1e+07;5;5
"Cu-II";"II";757.985;13.43190349;15.06716123;11500000;5;7
"Cu-II";"II";765.233;13.39213301;15.01190137;23500000;7;7
"Cu-II";"II";766.465;14.96299738;16.58016369;3.5e+07;7;5
"Cu-II";"II";771.242;17.2022889;18.8094378;3700000;5;7
"Cu-II";"II";772.664;13.68365916;15.2878496;1.7e+07;5;3
"Cu-II";"II";773.867;15.21855811;16.82025682;4.5e+07;5;3
"Cu-II";"II";773.95;17.2022889;18.8038136;7100000;5;5
"Cu-II";"II";775.437;15.23365834;16.83211397;9e+06;3;5
"Cu-II";"II";777.32;13.39213301;14.98671572;1080000;7;5
"Cu-II";"II";777.874;14.98671572;16.58016369;1.3e+07;5;5
"Cu-II";"II";780.519;14.99211615;16.58016369;1.6e+07;3;5
"Cu-II";"II";780.765;14.9760276;16.56357381;3.6e+07;9;7
"Cu-II";"II";781.232;15.23365834;16.82025682;1.2e+07;3;3
"Cu-II";"II";782.058;13.64873568;15.23365834;15100000;3;3
"Cu-II";"II";782.565;13.39213301;14.9760276;5.2e+07;7;9
"Cu-II";"II";784.508;15.25214151;16.83211397;3.8e+07;7;5
"Cu-II";"II";786.265;17.2373625;18.8138034;2900000;5;7
"Cu-II";"II";789.057;13.39213301;14.96299738;5800000;7;7
"Cu-II";"II";789.58;13.64873568;15.21855811;4.3e+07;3;5
"Cu-II";"II";790.255;13.68365916;15.25214151;4.9e+07;5;7
"Cu-II";"II";794.444;13.43190349;14.99211615;4.7e+07;5;3
"Cu-II";"II";796.707;17.5068946;19.062676;1e+07;7;9
"Cu-II";"II";797.203;13.43190349;14.98671572;2.9e+07;5;5
"Cu-II";"II";798.816;15.01190137;16.56357381;1.7e+07;7;7
"Cu-II";"II";799.679;13.68365916;15.23365834;3.2e+07;5;3
"Cu-II";"II";800.652;17.5120931;19.0602068;5900000;5;7
"Cu-II";"II";802.648;15.2878496;16.83211397;8200000;3;5
"Cu-II";"II";805.334;17.2748608;18.8139718;2300000;7;9
"Cu-II";"II";807.5;17.1596556;18.6946417;3500000;7;5
"Cu-II";"II";808.858;15.2878496;16.82025682;1.6e+07;3;3
"Cu-II";"II";809.553;13.43190349;14.96299738;3.7e+07;5;7
"Cu-II";"II";810.335;17.2748608;18.8044761;2700000;7;9
"Cu-II";"II";815.4;17.2828748;18.8029869;5400000;9;11
"Cu-II";"II";819.222;15.31909404;16.83211397;2e+07;5;5
"Cu-II";"II";819.233;15.06716123;16.58016369;5900000;7;5
"Cu-II";"II";823.527;13.64873568;15.15384714;4.6e+07;3;1
"Cu-II";"II";827.755;13.39213301;14.88955782;4.3e+07;7;5
"Cu-II";"II";832.84;17.3256879;18.8139718;3100000;7;9
"Cu-II";"II";833.307;17.2022889;18.6897371;2300000;5;7
"Cu-II";"II";833.633;16.6276287;18.11449521;1400000;11;13
"Cu-II";"II";835.384;17.3256879;18.8094378;3100000;7;7
"Cu-II";"II";840.29;13.64873568;15.12382247;3900000;3;5
"Cu-II";"II";850.339;13.43190349;14.88955782;1600000;5;5
"Cu-II";"II";851.106;15.12382247;16.58016369;1e+07;5;5
"Cu-II";"II";860.668;13.68365916;15.12382247;7900000;5;5
"Cu-II";"II";879.709;16.7059859;18.11497525;1600000;9;11
"Cu-II";"II";881.04;17.2828748;18.6897371;2400000;9;7
"Cu-II";"II";900.576;16.9955295;18.37187365;2500000;7;9
"Cu-II";"II";908.693;17.3256879;18.6897371;1700000;7;7
"Cu-II";"II";922.674;13.64873568;14.99211615;1300000;3;3
"Cu-II";"II";933.189;13.68365916;15.01190137;1200000;5;7
"Cu-II";"II";947.301;13.68365916;14.99211615;1130000;5;3
"Cu-II";"II";951.226;13.68365916;14.98671572;1300000;5;5
"Cu-II";"II";961.09;17.0619788;18.3516646;5900000;1;3
"Cu-II";"II";967.017;18.1541632;19.4359419;3500000;9;11
"Cu-II";"II";973.215;16.84135293;18.11497188;2100000;9;9
"Cu-II";"II";973.58;16.84135293;18.11449091;9e+06;9;11
"Cu-II";"II";981.32;16.84495017;18.1080463;4.1e+07;3;5
"Cu-II";"II";981.333;16.84495017;18.1080308;1.7e+07;3;3
"Cu-II";"II";981.74;16.85078224;18.11333896;1800000;5;7
"Cu-II";"II";982.798;16.85329783;18.11449521;7500000;13;13
"Cu-II";"II";983.08;16.85365501;18.11449091;7700000;11;11
"Cu-II";"II";983.784;16.85078224;18.11071578;4.4e+07;5;7
"Cu-II";"II";985.05;16.8497175;18.1080308;2.8e+07;1;3
"Cu-II";"II";985.872;16.85078224;18.1080463;1.9e+07;5;5
"Cu-II";"II";986.128;16.85329783;18.11023616;6.7e+07;13;15
"Cu-II";"II";986.414;16.85365501;18.1102294;6.6e+07;11;13
"Cu-II";"II";986.809;17.1101772;18.3662476;5.6e+07;5;7
"Cu-II";"II";988.146;16.86060093;18.11497188;2.1e+07;7;9
"Cu-II";"II";988.373;17.1177912;18.37187722;5400000;11;11
"Cu-II";"II";988.397;16.85666744;18.11072068;3.9e+07;3;5
"Cu-II";"II";989.294;17.1133386;18.3662544;3.1e+07;3;5
"Cu-II";"II";989.434;16.86060093;18.11333896;1e+07;7;7
"Cu-II";"II";990.514;16.85666744;18.1080463;3700000;3;5
"Cu-II";"II";990.518;16.85666744;18.1080308;1.5e+07;3;3
"Cu-II";"II";991.642;17.1177912;18.3677408;6.6e+07;11;13
"Cu-II";"II";991.795;16.86358269;18.11333896;3.8e+07;5;7
"Cu-II";"II";992.559;17.1189425;18.3677371;6.5e+07;9;11
"Cu-II";"II";993.878;16.86358269;18.11072068;2.1e+07;5;5
"Cu-II";"II";993.9;16.8662317;18.11334172;4.4e+07;7;9
"Cu-II";"II";995.997;16.8662317;18.11071578;1.9e+07;7;7
"Cu-II";"II";996.035;17.1260036;18.37044013;5.6e+07;7;9
"Cu-II";"II";998.14;16.8662317;18.1080463;1900000;7;5
"Cu-II";"II";999.403;17.1260036;18.3662476;9e+06;7;7
"As-II";"I";189.042;0;6.5585;2.66e+08;4;6
"As-II";"I";193.759;0;6.39885;2.19e+08;4;4
"As-II";"I";197.262;0;6.28523;2.02e+08;4;2
"As-II";"I";228.812;1.35324;6.77019;2.8e+08;6;4
"As-II";"I";234.403;2.25479;7.54255;3.5e+07;2;4
"As-II";"I";234.984;1.3133;6.58797;3.1e+08;4;2
"As-II";"I";236.967;2.312;7.54255;6e+07;4;4
"As-II";"I";237.077;2.312;7.5401;4.2e+07;4;6
"As-II";"I";245.653;1.35324;6.39885;7200000;6;4
"As-II";"I";249.291;1.3133;6.28523;1.2e+07;4;2
"As-II";"I";274.5;2.25479;6.77019;2.6e+07;2;4
"As-II";"I";278.022;2.312;6.77019;7.8e+07;4;4
"As-II";"I";286.044;2.25479;6.58797;5.5e+07;2;2
"As-II";"I";289.871;2.312;6.58797;9900000;4;2
"Rb-II";"II";305.136;16.721718;20.7837732;3e+07;3;1
"Rb-II";"II";314.89;16.5322523;20.4684992;1.4e+07;5;3
"Rb-II";"II";316.1;16.5322523;20.4534261;1.4e+07;5;5
"Rb-II";"II";332.149;16.721718;20.4534261;1.8e+07;3;5
"Rb-II";"II";344.074;16.721718;20.3240539;7e+06;3;3
"Rb-II";"II";369.958;17.433424;20.7837732;3.8e+07;3;1
"Rb-II";"II";379.681;16.721718;19.986274;6.3e+07;3;1
"Rb-II";"II";380.19;17.20831;20.4684992;3.7e+07;1;3
"Rb-II";"II";386.074;19.1275357;22.3380312;7.4e+07;3;3
"Rb-II";"II";397.815;17.20831;20.3240539;1.8e+07;1;3
"Rb-II";"II";402.949;16.5322523;19.6083075;7e+06;5;3
"Rb-II";"II";408.388;17.433424;20.4684992;9e+06;3;3
"Rb-II";"II";410.428;17.433424;20.4534261;1.6e+07;3;5
"Rb-II";"II";413.611;17.7870182;20.7837732;1.2e+08;3;1
"Rb-II";"I";420.179;0;2.9499053;1770000;2;4
"Rb-II";"I";421.552;0;2.9402953;1500000;2;2
"Rb-II";"II";424.44;16.5322523;19.4525611;1.1e+08;5;7
"Rb-II";"II";426.658;19.4329127;22.3380312;5.4e+08;5;3
"Rb-II";"II";427.314;16.5322523;19.4329127;4.4e+07;5;5
"Rb-II";"II";428.797;17.433424;20.3240539;3.4e+07;3;3
"Rb-II";"II";429.397;16.721718;19.6083075;5.4e+07;3;3
"Rb-II";"II";453.034;17.7325096;20.4684992;2e+07;1;3
"Rb-II";"II";454.074;19.6083075;22.3380312;7.6e+07;3;3
"Rb-II";"II";457.177;16.721718;19.4329127;1.8e+07;3;5
"Rb-II";"II";462.242;17.7870182;20.4684992;3.3e+07;3;3
"Rb-II";"II";464.857;17.7870182;20.4534261;3.5e+07;3;5
"Rb-II";"II";465.928;19.677762;22.3380312;2.7e+08;5;3
"Rb-II";"II";473.045;17.8482533;20.4684992;1.3e+07;5;3
"Rb-II";"II";475.782;17.8482533;20.4534261;1.1e+07;5;5
"Rb-II";"II";477.595;16.5322523;19.1275357;3.7e+07;5;3
"Rb-II";"II";478.283;17.7325096;20.3240539;3.3e+07;1;3
"Rb-II";"II";485.534;17.433424;19.986274;6.3e+07;3;1
"Rb-II";"II";488.559;17.7870182;20.3240539;6e+06;3;3
"Rb-II";"II";500.646;17.8482533;20.3240539;5e+06;5;3
"Rb-II";"I";505.02;16.64489;19.09902;6540000;4;4
"Rb-II";"II";515.208;16.721718;19.1275357;3.4e+07;3;3
"Rb-II";"II";516.458;17.20831;19.6083075;2.1e+07;1;3
"Rb-II";"I";521.76;16.64489;19.02054;2860000;4;6
"Rb-II";"II";527.051;19.986274;22.3380312;1.4e+08;1;3
"Rb-II";"II";551.255;18.2049213;20.4534261;2.6e+07;7;5
"Rb-II";"I";553.44;16.64489;18.88453;3270000;4;2
"Rb-II";"II";563.599;17.7870182;19.986274;3.8e+07;3;1
"Rb-II";"II";569.915;17.433424;19.6083075;4.4e+07;3;3
"Rb-II";"I";585.99;16.64489;18.76005;9710000;4;4
"Rb-II";"I";611.91;16.64489;18.67066;29700000;4;6
"Rb-II";"II";619.908;17.433424;19.4329127;2.2e+07;3;5
"Rb-II";"I";620.631;1.55959103;3.5567504;2948000;2;4
"Rb-II";"I";629.833;1.58904906;3.557031;3712000;4;6
"Rb-II";"II";645.833;17.20831;19.1275357;3.4e+07;1;3
"Rb-II";"II";660.785;17.7325096;19.6083075;7e+06;1;3
"Rb-II";"II";731.652;17.433424;19.1275357;1.5e+07;3;3
"Rb-II";"II";772.608;17.8482533;19.4525611;3.5e+07;5;7
"Rb-II";"I";780.027;0;1.58904906;38120000;2;4
"Rb-II";"II";782.186;17.8482533;19.4329127;2.8e+07;5;5
"Rb-II";"I";794.76;0;1.55959103;36140000;2;2
